letter_number,date,sent_from,recipient,sender,filename
111,14 September 1848],Greenville,Mrs. Elizabeth Perry,B.F. Perry,BFPerry_Letter111.txt
677,29 June 1864,[This letter is faded badly],Greenville,,BFPerry_Letter677.txt
94,12 December 1847,"If I have time I will write Willie a letter tomorrow evening.  Your affectionate husband, B.F. Perry","Major Henry told me that his daughter had fallen in love with you, & that she talked of nothing else for a week after her return home.",B.F. Perry,BFPerry_Letter94.txt
80,3 November 1847,Greenville,Mrs. Elizabeth Perry,B.F. Perry,BFPerry_Letter80.txt
663,19 July 1863,Greenville,Benjamin Perry,,BFPerry_Letter663.txt
105,10 May 1848,Greenville,Mrs. Elizabeth Perry,B.F. Perry,BFPerry_Letter105.txt
139,26 November 1849,Greenville,Mrs. Elizabeth Perry,B.F. Perry,BFPerry_Letter139.txt
57,3 November 1846,Greenville,Mrs. Elizabeth Perry,B.F. Perry,BFPerry_Letter57.txt
43,12 July 1846,Greenville,Mrs. Elizabeth Perry,B.F. Perry,BFPerry_Letter43.txt
688,13 December 1864,Greenville,Mrs. Elizabeth Perry,B.F. Perry,BFPerry_Letter688.txt
475,11 April 1858,Annapolis,Frank Perry,B.F. Perry,BFPerry_Letter475.txt
313,15 December 1854,Greenville,Mrs. Elizabeth Perry,B.F. Perry,BFPerry_Letter313.txt
307,8 December 1854,Greenville,Mrs. Elizabeth Perry,B.F. Perry,BFPerry_Letter307.txt
461,17 January 1858,Annapolis,Frank Perry,B.F. Perry,BFPerry_Letter461.txt
449,10 December 1857,"Burlington, N.J.",Anna Perry,B.F. Perry,BFPerry_Letter449.txt
501,16 October 1858,Annapolis,"B.F. Perry, Jr.",B.F. Perry,BFPerry_Letter501.txt
267,6 December 1853,Greenville,Mrs. Elizabeth Perry,B.F. Perry,BFPerry_Letter267.txt
273,13 December 1853,Greenville,Mrs. Elizabeth Perry,B.F. Perry,BFPerry_Letter273.txt
515,6 February 1859,Annapolis,Frank Perry,B.F. Perry,BFPerry_Letter515.txt
529,1 May 1859,Annapolis,Frank Perry,B.F. Perry,BFPerry_Letter529.txt
298,30 November 1854,Greenville,Mrs. Elizabeth Perry,B.F. Perry,BFPerry_Letter298.txt
703,20 September 1865,Greenville,Mrs. Elizabeth Perry,B.F. Perry,BFPerry_Letter703.txt
717,30 November 1865,Greenville,Mrs. Elizabeth Perry,B.F. Perry,BFPerry_Letter717.txt
716,28 November 1865,Greenville,Mrs. Elizabeth Perry,B.F. Perry,BFPerry_Letter716.txt
702,16 September 1865,Greenville,Mrs. Elizabeth Perry,B.F. Perry,BFPerry_Letter702.txt
299,1 December 1854,Greenville,Mrs. Elizabeth Perry,B.F. Perry,BFPerry_Letter299.txt
528,27 April 1859,Greenville,Mrs. Elizabeth Perry,B.F. Perry,BFPerry_Letter528.txt
272,12 December 1853,Greenville,Mrs. Elizabeth Perry,B.F. Perry,BFPerry_Letter272.txt
514,1 February 1859,Annapolis,Frank Perry,B.F. Perry,BFPerry_Letter514.txt
500,10 October 1858,Annapolis,Frank Perry,B.F. Perry,BFPerry_Letter500.txt
266,4 December 1853,Greenville,Mrs. Elizabeth Perry,,BFPerry_Letter266.txt
448,10 December 1857,Greenville,Mrs. Elizabeth Perry,B.F. Perry,BFPerry_Letter448.txt
306,7 December 1854,Greenville,Mrs. Elizabeth Perry,B.F. Perry,BFPerry_Letter306.txt
460,3 January 1858,Annapolis,Frank Perry,B.F. Perry,BFPerry_Letter460.txt
474,4 April 1858,Annapolis,Frank Perry,B.F. Perry,BFPerry_Letter474.txt
312,12 December 1854,Greenville,Mrs. Elizabeth Perry,B.F. Perry,BFPerry_Letter312.txt
689,13 December 1864,Greenville,Mrs. Elizabeth Perry,B.F. Perry,BFPerry_Letter689.txt
42,12 July 1846,Greenville,Mrs. Elizabeth Perry,B.F. Perry,BFPerry_Letter42.txt
56,29 October 1846,Greenville,Mrs. Elizabeth Perry,B.F. Perry,BFPerry_Letter56.txt
138,15 November 1849,Greenville,Mrs. Elizabeth Perry,B.F. Perry,BFPerry_Letter138.txt
81,3 November 1847],Greenville,Mrs. Elizabeth Perry,"Yours affectionately, B.F. Perry",BFPerry_Letter81.txt
662,,Glencoe,Mrs. Elizabeth Perry,B.F. Perry,BFPerry_Letter662.txt
104,8 May 1848,Greenville,Mrs. Elizabeth Perry,B.F. Perry,BFPerry_Letter104.txt
110,29 July 1848,Pendleton,"Major T.J. Wright, care of R. Maxwell",B.F. Perry,BFPerry_Letter110.txt
676,15 June 1864,Our Camp is not very pleasantly situated but it is as good I suppose as can be found upon the Island.  We are anxious to get down to Adams Run to take possession of the quarters vacated by the Cavalry recently sent to Virginia.  I am afraid that the accounts we have of its being such a desirable location for camping are incorrect.  Perry I suppose will answer your letter shortly if he has not done so already.  I did intend to write you a lengthy epistle but am so disturbed by conversation,"I owe you a letter and I will endeavour  to make you some sort of payment.  I dont pretend to say that it will square us up but you must set it down to my credit and let me hear from you again.  You are the only man in Greenville except Dr. Buist who knows anything that is transpiring there, and your style of detailing it renders a letter from you a very interesting document; your own experience would be a subject for at least four pages.  I am very unfortunate in letter writing as in everything else having very little to say and a very poor way of saying it; but I wont expatiate on my own failings.  I wish it were convenient  for you to pay us a visit now, it being in our power to furnish a certain article that made your trip to Columbia so very expensive.  We are issuing the Oh-be-joyful to the detachment; occasionally one man trades for the shares of one or more of his comrade, and the consequence is that we have had several among us gloriously tight and correspondingly obstreporous.  Our mutual friend the A.A.C.S.C.S.A. not condescending to imbibe with such characters as John. H. White of Co. F and Samuel Youngblood Co. E and having no one with whom to take a social pass seldom visits my tent; which for the time being a sort of improvised grocery.  I think he is rather dissatisfierd with the small number of glasses (for glasses substitute tin cups) taken through the day, and if you were here to bear him company, take his position in sight of, or upon the cask and with Wiley as mixer of drinks pass the hours in greatest glee until both would be laid away to slumber off trhe effect of so great conviviality.  Let me describe this beverage color; that of very muddy rain water.  Enough said to make it very unpalateable when shaken sticks and straws float thick on the surface, with a green, greasy scum.  You are a connvisseur, what do you think of it.",,BFPerry_Letter676.txt
95,,Greenville,Mrs. Elizabeth Perry,,BFPerry_Letter95.txt
106,19 June 1848,Greenville,Mrs. Elizabeth Perry,"Yours truly & sincerely, B.F. Perry",BFPerry_Letter106.txt
660,9 July 1863,Glencoe,Mrs. Elizabeth Perry,B.F. Perry,BFPerry_Letter660.txt
83,24 November 1847,Greenville,Mr. W.H.M. Perry,B.F. Perry,BFPerry_Letter83.txt
97,,"Tell Willie I shall be happy to see him & am sorry I have not time to write.  Tell Anna that I am delighted to hear of her goodness & industry.  And say to Frank he is a sweet boy & I love him very much.  Fanny I will not trouble you with any compliments to but will tell her myself when we meet.  Col. Northrop says there should always be a baby in the family if the family is able to afford it.  I think with him.  Your husband affectionately &c, B.F., Perry",I am truly sorry that I cannot get home as quick as those who go in the stage.  Col. Townes will arrive as soon as you get this letter & Major Jones.,,BFPerry_Letter97.txt
674,2 December 1863,Greenville,Mrs. Elizabeth Perry,B.F. Perry,BFPerry_Letter674.txt
112,10 October 1848],Greenville,Mrs. Elizabeth Perry,B.F. Perry,BFPerry_Letter112.txt
648,8 December 1862,[This letter is faded badly],Greenville,B.F. Perry,BFPerry_Letter648.txt
40,6 July 1846,Greenville,Mrs. Elizabeth Perry,"Yours &c, B.F. Perry",BFPerry_Letter40.txt
54,12 August 1846,Greenville,Mrs. Elizabeth Perry,B.F. Perry,BFPerry_Letter54.txt
68,,Greenville,Mrs. Elizabeth Perry,B.F. Perry,BFPerry_Letter68.txt
462,,Greenville,Mrs. Elizabeth Perry,,BFPerry_Letter462.txt
304,6 December 1854,Greenville,Mrs. Elizabeth Perry,"Yours truly, B.F. Perry",BFPerry_Letter304.txt
310,12 December 1854,Greenville,Mrs. Elizabeth Perry,B.F. Perry,BFPerry_Letter310.txt
476,18 April 1858,Harvard College,W.H. Perry,B.F. Perry,BFPerry_Letter476.txt
338,29 November 1855,Greenville,Mrs. Elizabeth Perry,B.F. Perry,BFPerry_Letter338.txt
489,10 May 1858,Greenville,Mrs. Elizabeth Perry,B.F. Perry,BFPerry_Letter489.txt
516,13 February 1859,Annapolis,Frank Perry,B.F. Perry,BFPerry_Letter516.txt
270,9 December 1853,Greenville,Mrs. Elizabeth Perry,B.F. Perry,BFPerry_Letter270.txt
264,3 December 1853,Greenville,Mrs. Elizabeth Perry,B.F. Perry,BFPerry_Letter264.txt
502,24 October 1858,Annapolis,"B.F. Perry, Jr.",B.F. Perry,BFPerry_Letter502.txt
258,16 November 1853,Greenville,Mrs. Elizabeth Perry,B.F. Perry,BFPerry_Letter258.txt
714,3 November 1865,Greenville,Mrs. Elizabeth Perry,B.F. Perry,BFPerry_Letter714.txt
700,20 July 1865,Greenville,Mrs. Elizabeth Perry,B.F. Perry,BFPerry_Letter700.txt
728,16 February 1866,Greenville,Mrs. Elizabeth Perry,B.F. Perry,BFPerry_Letter728.txt
729,18 February 1866,Greenville,Mrs. Elizabeth Perry,B.F. Perry,BFPerry_Letter729.txt
701,13 September 1865,Greenville,Mrs. Elizabeth Perry,B.F. Perry,BFPerry_Letter701.txt
715,6 November 1865,Columbia,Mrs. Elizabeth Perry,B.F. Perry,BFPerry_Letter715.txt
259,18 November 1285,Greenville,Mrs. Elizabeth Perry,B.F. Perry,BFPerry_Letter259.txt
265,4 December 1853,Greenville,Mrs. Elizabeth Perry,B.F. Perry,BFPerry_Letter265.txt
503,1 November 1858,Annapolis,Frank Perry,B.F. Perry,BFPerry_Letter503.txt
517,20 February 1859,Annapolis,Frank Perry,B.F. Perry,BFPerry_Letter517.txt
271,11 December 1853,Greenville,Mrs. Elizabeth Perry,B.F. Perry,BFPerry_Letter271.txt
488,9 May 1858,Greenville,Mrs. Elizabeth Perry,B.F. Perry,BFPerry_Letter488.txt
339,30 November 1855,Greenville,Mrs. Elizabeth Perry,B.F. Perry,BFPerry_Letter339.txt
311,15 December 1854,Greenville,Mrs. Elizabeth Perry,B.F. Perry,BFPerry_Letter311.txt
477,18 April 1858,Annapolis,Frank Perry,B.F. Perry,BFPerry_Letter477.txt
463,24 January 1858,Annapolis,Frank Perry,B.F. Perry,BFPerry_Letter463.txt
305,7 December 1854,Greenville,Mrs. Elizabeth Perry,B.F. Perry,BFPerry_Letter305.txt
69,3 March 1847,Greenville,Mrs. Elizabeth Perry,"Yours truly, B.F. Perry",BFPerry_Letter69.txt
55,28 October 1846,Greenville,Mrs. Elizabeth Perry,B.F. Perry,BFPerry_Letter55.txt
41,10 July 1846,Greenville,Mrs. Elizabeth Perry,B.F. Perry,BFPerry_Letter41.txt
649,13 December 1862,[The letter is faded badly],"I have just returned from the State House & taken dinner, after one of the hardest days work of the Session.  As chairman of the Judiciary Committee I had reported a Bill on the subject of the Stay Law  & collection of debts.  The Bill was assailed on all sides & hundreds of amendments offered by various members.  I had to fight the Bill through. & I suppoise I was on my feet one hundred times or more & made as many short speeches.  We were at the Bill from eleven in the morning till half after four in the evening.  Finally I succeeded in sending the Bill to the Senate.",,BFPerry_Letter649.txt
96,13 December 1847,Greenville,Mrs. Elizabeth Perry,B.F. Perry,BFPerry_Letter96.txt
675,4 December 1863,Greenville,Mrs. Elizabeth Perry,B.F. Perry,BFPerry_Letter675.txt
113,18 October 1848],Greenville,Mrs. Elizabeth Perry,B.F. Perry,BFPerry_Letter113.txt
107,30 June 1848],Greenville,Mrs. Elizabeth Perry,"Yours truly & sincerely, I hope you had a pleasant time with your kindred & that everything went on as well with your household.  Your affectionate husband, B.F. Perry",BFPerry_Letter107.txt
661,11 July 1863,Greenville,Benjamin Perry,,BFPerry_Letter661.txt
82,22 November 1847,Greenville,Mrs. Elizabeth Perry,"Yours truly & affectionately, B.F. Perry",BFPerry_Letter82.txt
659,7 June 1863,Greenville,Benjamin Perry,,BFPerry_Letter659.txt
86,29 November 1847,Greenville,Mrs. Elizabeth Perry,"Yours truly & affectionately, B.F. Perry",BFPerry_Letter86.txt
665,,Glencoe,Mrs. Elizabeth Perry,B.F. Perry,BFPerry_Letter665.txt
103,,Greenville,Mrs. Elizabeth Perry,B.F. Perry,BFPerry_Letter103.txt
117,,The left margin of this letter is torn and the tear affects only the first paragraph.,Greenville,B.F. Perry,BFPerry_Letter117.txt
671,27 November 1863,Greenville,Mrs. Elizabeth Perry,B.F. Perry,BFPerry_Letter671.txt
92,8 December 1847,Greenville,Mrs. Elizabeth Perry,"Yours truly & sincerely, B.F. Perry",BFPerry_Letter92.txt
79,21 June 1847,Greenville,Mrs. Elizabeth Perry,B.F. Perry,BFPerry_Letter79.txt
45,15 July 1846,Greenville,Mrs. Elizabeth Perry,B.F. Perry,BFPerry_Letter45.txt
51,4 August 1846,Greenville,Mrs. Elizabeth Perry,"Yours truly, B.F. Perry",BFPerry_Letter51.txt
329,7 May 1855,Greenville,Mrs. Elizabeth Perry,B.F. Perry,BFPerry_Letter329.txt
301,,Greenville,Mrs. Elizabeth Perry,B.F. Perry,BFPerry_Letter301.txt
467,21 February 1858,Annapolis,Frank Perry,B.F. Perry,BFPerry_Letter467.txt
473,28 March 1858,Annapolis,Frank Perry,B.F. Perry,BFPerry_Letter473.txt
315,16 December 1854,"There have been a great many robberies here.  Col. Irby lost one hundred & thirty three dollars last night, stolen out of his pockets whilst asleep.",We had quite an animated discussion today in the House in which I participated on the SavannahRail Road.,,BFPerry_Letter315.txt
498,28 September 1858,Annapolis,"B.F. Perry, Jr.",B.F. Perry,BFPerry_Letter498.txt
249,18 March 1853,Greenville,Mrs. Elizabeth Perry,B.F. Perry,BFPerry_Letter249.txt
275,15 December 1853,Greenville,Mrs. Elizabeth Perry,B.F. Perry,BFPerry_Letter275.txt
513,24 January 1859,Annapolis,Frank Perry,B.F. Perry,BFPerry_Letter513.txt
507,5 December 1858,Annapolis,Frank Perry,B.F. Perry,BFPerry_Letter507.txt
261,29 November 1853,Greenville,Mrs. Elizabeth Perry,B.F. Perry,BFPerry_Letter261.txt
739,2 December 1866,Greenville,Mrs. Elizabeth Perry,B.F. Perry,BFPerry_Letter739.txt
711,31 October 1865,Greenville,Mrs. Elizabetrh Perry,B.F. Perry,BFPerry_Letter711.txt
705,24 September 1865,Greenville,Mrs. Elizabeth Perry,B.F. Perry,BFPerry_Letter705.txt
704,22 September 1865,Greenville,Mrs. Elizabeth Perry,B.F. Perry,BFPerry_Letter704.txt
710,30 October 1865,Greenville,Mrs. Elizabeth Perry,B.F. Perry,BFPerry_Letter710.txt
738,29 November 1866,Greenville,Mrs. Elizabeth Perry,B.F. Perry,BFPerry_Letter738.txt
506,28 November 1858,Annapolis,"B.F. Perry, Jr.",B.F. Perry,BFPerry_Letter506.txt
260,,Greenville,Mrs. Elizabeth Perry,B.F. Perry,BFPerry_Letter260.txt
274,14 December 1853,Greenville,Mrs. Elizabeth Perry,B.F. Perry,BFPerry_Letter274.txt
512,13 January 1859,Annapolis,"B.F. Perry, Jr.",B.F. Perry,BFPerry_Letter512.txt
248,18 March 1853,Greenville,Mrs. Elizabeth Perry,B.F. Perry,BFPerry_Letter248.txt
499,3 October 1858,Annapolis,Frank Perry,B.F. Perry,BFPerry_Letter499.txt
472,10 March 1858,Annapolis,Frank Perry,B.F. Perry,BFPerry_Letter472.txt
314,15 December 1854,Greenville,Miss Anna Perry,B.F. Perry,BFPerry_Letter314.txt
300,2 December 1854,It has just occurred to me that the cars do not go tomorrow.,"The Speaker Simmons paid me a high compliment tonight.  He said he had no doubt about a question of order till he thought I doubted it.  That made him hesitate.  He knew I would not attempt to deceive or mislead him.  I must now conclude my dear wife by hoping you are in a better mood & not so [two words interlined, illegible].",,BFPerry_Letter300.txt
466,14 February 1858,Annapolis,Frank Perry,B.F. Perry,BFPerry_Letter466.txt
328,6 May 1855,Greenville,Mrs. Elizabeth Perry,"Yours truly & affectionately, B.F. Perry",BFPerry_Letter328.txt
50,3 August 1846,Greenville,Mrs. Elizabeth Perry,"Yours truly, B.F. Perry",BFPerry_Letter50.txt
44,13 July 1846,Greenville,Mrs. Elizabeth Perry,B.F. Perry,BFPerry_Letter44.txt
78,7 June 1847,Greenville,Mrs. Elizabeth Perry,"Yours affectionately, B.F. Perry",BFPerry_Letter78.txt
116,,Today I have been very busy in electing a President & preparing the papers.  Yesterday I was all day in the Court of Appeals hearing opinions.  The day before I was all day in the College.  Last evening Major Henry & myself went to see his daughter at Mr. Hooks school.  Mrs. H made a great many enquiries about you & the children & Dr. Crittendens family.  She really seemed glad to see me.,"I have no doubt Reuben has his faults & may be in some respects worse than Jim & in others better.  As to getting a servant who will do as he ought to, I never calculate on it.  I am not faultless myself & shall not worry myself in trying to do it.  I am not faultless myself, & I cannot expect to find more perfection in a poor, ignorant, degraded cast of creatures..",,BFPerry_Letter116.txt
670,3 November 1863,Glencoe,Mrs. Elizabeth Perry,B.F. Perry,BFPerry_Letter670.txt
93,10 December 1847,Greenville,Mrs. Elizabeth Perry,"Yours truly & affectionately, B.F. Perry",BFPerry_Letter93.txt
87,30 November 1847,Greenville,Mrs. Elizabeth Perry,B.F. Perry,BFPerry_Letter87.txt
664,30 July 1863,Greenville,Benjamin Perry,,BFPerry_Letter664.txt
102,25 April 1848,"I will now give a briefof my journey thus far.  Friday the day I left home, I met Major Wright & his bride & three young ladies from Pendleton going to General Wrights.  We stopped & had some conversation.  At Major Bollings I met Mr. [S.A.] Goodman, the editor of the Laurensville Herald.  I took dinner there, rode with Goodman some distance on the road to Laurens C.H.  Went to Esquire James Cunninghams & staid all night.  Found General Thos Jones there.  Cunningham told the people were disappointed in Col. Orrs appearance, that he would have done better not to have shown himself.",I reached here this morning and was much gratified to receive your letter.  I hope Mary may soon be able to relieve you of your charge.,,BFPerry_Letter102.txt
658,18 April 1863,Glencoe,Mrs. Elizabeth Perry,B.F. Perry,BFPerry_Letter658.txt
128,,Greenville,Mrs. Elizabeth Perry,B.F. Perry,BFPerry_Letter128.txt
91,6 December 1847,Columbia,Mrs. Elizabeth Perry,"Yours truly & sincerely, B.F.  Perry",BFPerry_Letter91.txt
672,29 November 1863,Greenville,Mrs. Elizabeth Perry,B.F. Perry,BFPerry_Letter672.txt
114,23 October 1848],Greenville,Mrs. Elizabeth Perry,B.F. Perry,BFPerry_Letter114.txt
100,13 March 1848],Waterloo P.O.,Mrs. Elizabeth Perry,"Yours truly & sincerely, B.F. Perry",BFPerry_Letter100.txt
666,3 August 1863,Glencoe,Mrs. Elizabeth Perry,B.F. Perry,BFPerry_Letter666.txt
85,26 November 1847,Greenville,Mrs. Elizabeth Perry,"Yours truly & sincerely, B.F. Perry.",BFPerry_Letter85.txt
699,18 July 1865,Greenville,Mrs. Elizabeth Perry,B.F. Perry,BFPerry_Letter699.txt
52,6 August 1846,Greenville,Mrs. Elizabeth Perry,"Yours truly, B.F. Perry",BFPerry_Letter52.txt
46,18 July 1846,Greenville,Mrs. Elizabeth Perry,"Yours truly, B.F. Perry",BFPerry_Letter46.txt
458,,Philadelphia,Anna Perry,,BFPerry_Letter458.txt
316,,Greenville,Mrs. Elizabeth Perry,B.F. Perry,BFPerry_Letter316.txt
470,28 February 1858,Annapolis,Frank Perry,B.F. Perry,BFPerry_Letter470.txt
464,30 January 1858,Annapolis,Frank Perry,B.F. Perry,BFPerry_Letter464.txt
302,4 December 1854,Greenville,Mrs. Elizabeth Perry,B.F. Perry,BFPerry_Letter302.txt
538,18 September 1859,Greenville,W.H. Perry,B.F. Perry,BFPerry_Letter538.txt
262,1 December 1853,Greenville,Mrs. Elizabeth Perry,B.F. Perry,BFPerry_Letter262.txt
504,6 November 1858,Annapolis,"B.F. Perry, Jr.",B.F. Perry,BFPerry_Letter504.txt
510,2 January 1859,Annapolis,Frank Perry,B.F. Perry,BFPerry_Letter510.txt
276,16 December 1853,Greenville,Mrs. Elizabeth Perry,B.F. Perry,BFPerry_Letter276.txt
289,9 May 1854,Charleston,Mrs. Elizabeth Perry,"Yours &c., B.F. Perry",BFPerry_Letter289.txt
706,25 September 1865,Greenville,Mrs. Elizabeth Perry,B.F. Perry,BFPerry_Letter706.txt
712,1 November 1865,Greenville,Mrs. Elizabeth Perry,B.F. Perry,BFPerry_Letter712.txt
713,2 November 1865,Greenville,Mrs. Elizabeth Perry,B.F. Perry,BFPerry_Letter713.txt
707,25 October 1865,Greenville,Mrs. Elizabeth Perry,B.F. Perry,BFPerry_Letter707.txt
288,5 May 1854,Greenville,Miss Anna Perry,B.F. Perry,BFPerry_Letter288.txt
511,9 January 1859,Annapolis,Frank Perry,B.F. Perry,BFPerry_Letter511.txt
277,19 December 1853,Graanville.,Mrs. Elizabeth Perry,B.F. Perry,BFPerry_Letter277.txt
263,1 December 1853,Greenville,Mrs. Elizabeth Perry,B.F. Perry,BFPerry_Letter263.txt
505,21 November 1858,Annapolis,Frank Perry,,BFPerry_Letter505.txt
539,9 October 1859,Annapolis,Frank Perry,B.F. Perry,BFPerry_Letter539.txt
465,7 February 1858,Annapolis,Frank Perry,B.F. Perry,BFPerry_Letter465.txt
303,5 December 1854,Greenville,Mrs. Elizabeth Perry,B.F. Perry,BFPerry_Letter303.txt
317,18 December 1854,Greenville,Mrs. Elizabeth Perry,B.F. Perry,BFPerry_Letter317.txt
471,7 March 1858,Annapolis,Frank Perry,B.F. Perry,BFPerry_Letter471.txt
459,2 January 1857,Columbia,Benjamin F. Perry,,BFPerry_Letter459.txt
47,20 July 1846,Greenville,Mrs. Elizabeth Perry,B.F. Perry,BFPerry_Letter47.txt
53,7 August 1846,Greenville,Mrs. Elizabeth Perry,B.F. Perry,BFPerry_Letter53.txt
698,,Greenville,Mrs. Elizabeth Perry,B.F. Perry,BFPerry_Letter698.txt
101,28 March 1848,Greenville,Mrs. Elizabeth Perry,B.F. Perry,BFPerry_Letter101.txt
667,23 September 1863,Mrs. Elizabeth Perry,"Give my love to the children.  Your affectionate husband, B.F. Perry",B.F. Perry,BFPerry_Letter667.txt
84,24 November 1847,Greenville,Mrs. Elizabeth Perry,"Yours truly, B.F. Perry",BFPerry_Letter84.txt
90,4 December 1847,Greenville,Mrs. Elizabeth Perry,B.F. Perry,BFPerry_Letter90.txt
673,1 December 1863,Greenville,Mrs. Elizabeth Perry,B.F. Perry,BFPerry_Letter673.txt
115,,Greenville,Mrs. Elizabeth Perry,B.F. Perry,BFPerry_Letter115.txt
129,11 May 1849],Greenville,Mrs. Elizabeth Perry,B.F. Perry,BFPerry_Letter129.txt
614,19 July 1861,Greenville,Mrs. Elizabeth Perry,,BFPerry_Letter614.txt
172,19 December 1850,Greenville,Mrs. Elizabeth Perry,Yours truly. B.F. Perry,BFPerry_Letter172.txt
166,4 December 1850,Greenville,Mrs. Elizabeth Perry,"Yours truly a lovingly, B.F. Perry",BFPerry_Letter166.txt
600,10 March 1861,Rosemont,Mrs. Elizabeth Perry,,BFPerry_Letter600.txt
628,18 October 1861,Greenville,Benjamin Perry,,BFPerry_Letter628.txt
7,11 December 1842],Tomorrow morning I shall hear all about my cases & I will write again.,I am anxious to be at home once more & see you & the dear little children.  I shall finish the last of my business on Monday in the Legislature.  I have already disposed of my business in Court.  And if God spares me I will leave here on Tuesday morning.  You may expect me at home on Thursday evening unless the weather should be as bad as to prevent my travelling.  It is now raining and I am afraid it may not slow up before Tuesday.,,BFPerry_Letter7.txt
34,5 December 1845],Greenville,Mrs. Perry,"Yours truly, B.F. Perry",BFPerry_Letter34.txt
20,11 December 1844],Greenville,Mrs. Elizabeth Perry,"Yours &c, B.F. Perry",BFPerry_Letter20.txt
199,3 December 1852,Greenville,Mrs. Elizabeth Perry,B.F. Perry,BFPerry_Letter199.txt
370,25 November 1856,Greenville,Mrs. Elizabeth Perry,B.F. Perry,BFPerry_Letter370.txt
416,8 October 1857,"Burlington, N.J.",Miss Anna Perry,B.F. Perry,BFPerry_Letter416.txt
402,28 August 1857,This letter has a significant tear affecting the last five lines of the right margin of the sheet as well as sheets 2 and 3.,Cambridge,B.F. Perry,BFPerry_Letter402.txt
364,21 October 1856,Greenville,Mrs. Elizabeth Perry,"Yours affectionately, B.F. Perry",BFPerry_Letter364.txt
358,4 May 1856,Greenville,Mrs. Elizabeth Perry,B.F. Perry,BFPerry_Letter358.txt
204,8 December 1852,Charleston,Miss Anna Perry,B.F. Perry,BFPerry_Letter204.txt
562,18 December 1859,Greenville,Mrs. Elizabeth Perry,B.F. Perry,BFPerry_Letter562.txt
576,1 April 1860,Annapolis,Frank Perry,B.F. Perry,BFPerry_Letter576.txt
210,13 December 1852,Greenville,Mrs. Elizabeth Perry,"Yours truly & affectionately, B.F. Perry",BFPerry_Letter210.txt
238,7 March 1853,Greenville,Mrs. Elizabeth Perry,B.F. Perry,BFPerry_Letter238.txt
589,6 May 1860,Annapolis,Frank Perry,B.F. Perry,BFPerry_Letter589.txt
760,23 October 1872,Aiken,Hayne Perry,B.F. Perry,BFPerry_Letter760.txt
774,1 March 1881,"The agreement in favor of the Laurens road is that it will be the means of putting us in connection with the West.  How building a road thirty six miles in another & opposite direction is going to do this I am at a loss to concur.  We already have a rail road to Newberry, Columbia & Charleston & let us extend that road over the mountains.  If the people of Laurens wish to connect their road with ours we are very willing for them to do so though it will injure Greenville.  But we are not willing to be taxed to assist in injuring ourselves.  B.F. Perry","It is said that the amount each taxpayer will have to pay is a mere trifle.  These trifles in the course of twenty years will amount to something considerable; and we are now very heavily taxed for State, County, Rail Roads, public schools &c.",B.F. Perry,BFPerry_Letter774.txt
748,30 August 1870,Sans Souci,Mrs. Elizabeth Perry,B.F. Perry,BFPerry_Letter748.txt
749,30 November 1870,Sans Souci,Mrs. Elizabeth Perry,"Yours affectionately, B.F. Perry",BFPerry_Letter749.txt
775,27 April 1881,"Your mother & I thank you most affectionately for your magnificent present on the forty fourth anniversary of our wedding day.  Its value is greatly enhanced by knowing that it is the work of your own hands, a display of your own taste & ingenuity.  It is a beautiful cushion & whilst reposing on it we will ever think of our loving & affectionate daughter, who is endowed with genius, beauty & all the Christian virtues in an eminent degree.  I hope most sincerely that you & your most estimable husband may live to receive a similar present from our dear little Emily, on the forty fourth anniversary of your wedding, and that she may possess all her mothers loving dispositions genius beauty & accomplishments & be then as happily married as she is with a noble promising little son & a sweet beautiful little daughter.  Your affectionate & loving Father, B.F. Perry",My dear daughter,B.F. Perry,BFPerry_Letter775.txt
761,30 October 1872,Aiken,Hayne Perry,B.F. Perry,BFPerry_Letter761.txt
588,29 April 1860,Greenville,Mrs. Elizabeth Perry,B.F. Perry,BFPerry_Letter588.txt
239,8 March 1853,Greenville,Mrs. Elizabeth Perry,B.F. Perry,BFPerry_Letter239.txt
577,15 April 1860,Greenville,Mrs. Elizabeth Perry,B.F. Perry,BFPerry_Letter577.txt
211,13 December 1852,Greenville,Mrs. Elizabeth Perry,,BFPerry_Letter211.txt
205,10 December 1852,Greenville,Mrs. Elizabeth Perry,B.F. Perry,BFPerry_Letter205.txt
563,,Greenville,Mrs. Elizabeth Perry,B.F. Perry,BFPerry_Letter563.txt
359,6 May 1856,Greenville,Mrs. Elizabeth Perry,B.F. Perry,BFPerry_Letter359.txt
403,6 September 1857,Annapolis,Frank Perry,B.F. Perry,BFPerry_Letter403.txt
365,,Greenville,Mrs. Elizabeth Perry,B.F. Perry,BFPerry_Letter365.txt
371,25 November 1856,Greenville,Mr. Frank Perry,B.F. Perry,BFPerry_Letter371.txt
417,11 October 1857,Greenville,Mrs. Elizabeth Perry,,BFPerry_Letter417.txt
198,3 December 1852,Greenville,Mrs. Elizabeth Perry,B.F. Perry,BFPerry_Letter198.txt
21,13 December 1844],Greenville,Mrs. Elizabeth Perry,"Yours truly, B.F. Perry",BFPerry_Letter21.txt
35,8 December 1845],Greenville,Mrs. Elizabeth Perry,"Yours truly & affectionately, B.F. Perry",BFPerry_Letter35.txt
6,7 December 1842,Greenville,Mrs. Elizabeth Perry,B.F. Perry,BFPerry_Letter6.txt
629,27 October 1861,Greenville,Mrs. Elizabeth Perry,,BFPerry_Letter629.txt
167,8 December 1850,Greenville,Mrs. Elizabeth Perry,B.F. Perry,BFPerry_Letter167.txt
601,5 May 1861,W.H. Perry,"We are all well & the weather is dreadful.  Yours &c., B.F. Perry","Yours &c., B.F. Perry",BFPerry_Letter601.txt
615,20 July 1861,Greenville,Mrs. Elizabeth perry,,BFPerry_Letter615.txt
173,19 December 1850,Greenville,Mrs. Elizabeth Perry,B.F. Perry,BFPerry_Letter173.txt
603,10 June 1861,Columbia,W.H. Perry,B.F. Perry,BFPerry_Letter603.txt
165,,Greenville,Mrs. Elizabeth Perry,"Yours affectionately, B.F. Perry",BFPerry_Letter165.txt
171,17 December 1850,Greenville,Mrs. Elizabeth Perry,B.F. Perry,BFPerry_Letter171.txt
617,1 August [1861],Greenville,Benjamin Perry,,BFPerry_Letter617.txt
159,12 May 1850,Greenville,Mrs. Elizabeth Perry,Yours truly & affectionately.  Mr. Sullivan returns with me to Laurens.  It is something to Have company.  B.F. Perry,BFPerry_Letter159.txt
4,1 December 1842,Greenville,Mrs. Elizabeth Perry,B.F. Perry,BFPerry_Letter4.txt
23,11 March 1845,Greenville,Mrs. Elizabeth Perry,"Yours truly & affectionately, B.F. Perry",BFPerry_Letter23.txt
37,10 March 1846],Greenville,Mrs. Elizabeth Perry,"Yours truly & affectionately, B.F. Perry",BFPerry_Letter37.txt
367,21 November 1856,Greenville,Mrs. Elizabeth Perry,B.F. Perry,BFPerry_Letter367.txt
401,28 August 1857,Annapolis,Frank Perry,B.F. Perry,BFPerry_Letter401.txt
415,4 October 1857,Annapolis,Frank Perry,B.F. Perry,BFPerry_Letter415.txt
373,28 November 1856,Greenville,Mrs. Elizabeth Perry,B.F. Perry,BFPerry_Letter373.txt
429,22 November 1857,Harvard College,W.H. Perry,B.F. Perry,BFPerry_Letter429.txt
398,13 June 1857,"I am ready to make the explanation of facts, as you desire, but really, it seems to me, that this would only attract public attention & cause enquiries to be made as to the person alluded to, which otherwise would not be.  If I could recall the indiscretion of my remarks, which we really made in deep interest & concern for a Bride, most gladly would I do so.  If there was any way, by which I could make correction, without giving renewed injury, it would afford me pleasure to do so.","I can assure you both my informants & myself did feel a deep sympathy & interest in the history of a Bride, and if I had supposed that my remarks would ever have been seen by her or by any of her acquaintances and by them recognized they never would have been published.",,BFPerry_Letter398.txt
213,15 December 1852,Charleston,Miss Anna Perry,B.F. Perry,BFPerry_Letter213.txt
575,25 March 1860,Annapolis,Frank Perry,B.F. Perry,BFPerry_Letter575.txt
561,16 December 1859,Greenville,Mrs. Elizabeth Perry,B.F. Perry,BFPerry_Letter561.txt
207,11 December 1852,Greenville,Mrs. Elizabeth Perry,"Yours affectionately, B.F. Perry",BFPerry_Letter207.txt
549,5 December 1859,Greenville,Mrs. Elizabeth Perry,B.F. Perry,BFPerry_Letter549.txt
777,30 August 1882,Greenville,Benjamin Perry,"Yours &c., W.H. Perry",BFPerry_Letter777.txt
763,8 November 1872,Aiken,Hayne Perry,B.F. Perry,BFPerry_Letter763.txt
762,3 November 1872,Aiken,Hayne Perry,B.F. Perry,BFPerry_Letter762.txt
776,13 December 1881,Greenville,Benjamin Perry,"Yours &c., W. H. Perry",BFPerry_Letter776.txt
548,4 December 1859,Greenville,Mrs. Elizabeth Perry,B.F. Perry,BFPerry_Letter548.txt
560,15 December 1859,Greenville,Mrs. Elizabeth Perry,B.F. Perry,BFPerry_Letter560.txt
206,10 December 1852],Greenville,Mrs. Elizabeth Perry,B.F. Perry,BFPerry_Letter206.txt
212,14 December 1852,Greenville,Mrs. Elizabeth Perry,Yours truly & affectionately. B.F. Perry,BFPerry_Letter212.txt
574,11 March 1860,Annapolis,Frank Perry,B.F. Perry,BFPerry_Letter574.txt
399,30 June 1857,Greenville,Mrs. Elizabeth Perry,B.F. Perry,BFPerry_Letter399.txt
428,22 November 1857,Greenville,Mrs. Elizabeth Perry,B.F. Perry,BFPerry_Letter428.txt
414,2 October 1857,Annapolis,Frank Perry,B.F. Perry,BFPerry_Letter414.txt
372,27 November 1856,Greenville,Mrs. Elizabeth Perry,B.F. Perry,BFPerry_Letter372.txt
366,18 November 1856,Greenville,Mrs. Elizabeth Perry,B.F. Perry,BFPerry_Letter366.txt
400,21 August 1857,This letter has some tears at the bottom of the first sheet affecting text in the right and left margins and some staining along the right margin of the first sheet.,Annapolis,B.F. Perry,BFPerry_Letter400.txt
36,12 December 1845],Water Loo P.O.,Mrs. Elizabeth Perry,B.F. Perry,BFPerry_Letter36.txt
22,22 December 1844],Greenville,Mrs. Elizabeth Perry,B.F. Perry,BFPerry_Letter22.txt
5,,Greenville,Mrs. Elizabeth Perry,B.F. Perry,BFPerry_Letter5.txt
158,10 May 1850,Greenville,Mrs. Elizabeth Perry,B.F. Perry,BFPerry_Letter158.txt
170,15 December 1850,Greenville,Mrs. Elizabeth Perry,B.F. Perry,BFPerry_Letter170.txt
616,29 July 1861,Greenville,Benjamin Perry,,BFPerry_Letter616.txt
602,5 May 1861,Greenville,Benjamin Perry,,BFPerry_Letter602.txt
164,2 December 1850,The weather is now very warm & wet.  When it clears off it will probably turn coldif so have the hogs killed.,The great debate commences tomorrow on the Southern question.  It will continue for a week or ten days.  My impression is that a convention will be called & what then I know not.  They are beginning to despair of Georgia & a Southern congress doing anything.  The Augusta Chronicle Sentinel is now sent to me in Columbia.  The State of Georgia has gone for the Union by thirty thousand votes.,,BFPerry_Letter164.txt
1,"Monday morning, 2 May [1842]",Greenville,Mrs. Elizabeth Perry,B.F. Perry,BFPerry_Letter1.txt
148,16 December 1849,Greenville,Mrs. Elizabeth Perry,"Yours affectionately, B.F. Perry",BFPerry_Letter148.txt
160,28 June 1850,Greenville,Mrs. Elizabeth Perry,"Yours truly & affectionately, B.F. Perry",BFPerry_Letter160.txt
606,16 June 1861,Greenville,Benjamin Perry,,BFPerry_Letter606.txt
612,11 July 1861,Greenville,Benjamin Perry,,BFPerry_Letter612.txt
174,14 April 1851,Greenville,Mrs. Elizabeth Perry,B.F. Perry,BFPerry_Letter174.txt
26,14 October 1845],Greenville,Mrs. Elizabeth Perry,B.F. Perry,BFPerry_Letter26.txt
32,1 December 1845,Greenville,Mrs. Elizabeth Perry,B.F. Perry,BFPerry_Letter32.txt
438,28 November 1857,"Burlington, N.J.",Anna Perry,B.F. Perry,BFPerry_Letter438.txt
404,8 September 1857,Greenville,Mrs. Elizabeth Perry,,BFPerry_Letter404.txt
362,8 May 1856,Greenville,Mrs. Elizabeth Perry,"Yours affectionately, B.F. Perry",BFPerry_Letter362.txt
376,3 December 1856,Greenville,Mrs. Elizabeth Perry,B.F. Perry,BFPerry_Letter376.txt
410,25 September 1857,"Annapolis, Maryland",Frank Perry,B.F. Perry,BFPerry_Letter410.txt
389,10 February 1857,S.C. College,Mr. William Hayne Perry,B.F. Perry,BFPerry_Letter389.txt
558,14 December 1859,Annapolis,Frank Perry,B.F. Perry,BFPerry_Letter558.txt
570,29 January 1860,Annapolis,Frank Perry,B.F. Perry,BFPerry_Letter570.txt
216,,Greenville,Mrs. Elizabeth Perry,"Yours truly & affectionately,",BFPerry_Letter216.txt
202,5 December 1852,Greenville,Mrs. Elizabeth Perry,B.F. Perry,BFPerry_Letter202.txt
564,25 December 1859,Annapolis,Frank Perry,B.F. Perry,BFPerry_Letter564.txt
772,3 October 1877,"With great respect, I am truly yours &c., B.F. Perry",But in case you do elect Professors I enclose you a letter from Governor Jenkins as to the quallifications of Mr. [Harry] Hammond which you will lay before the Board.,B.F. Perry,BFPerry_Letter772.txt
766,5 September 1876,[Sans Souci?],Mrs. Elizabeth Perry,B.F. Perry,BFPerry_Letter766.txt
767,5 September 1876,Mrs. Elizabeth Perry,"I found all well at home.  Snyder had been dismissed & a negro had taken his place which I am pleased at.  I had ordered Henry to meet me this evening at the depot.  Ed Rowland sent me home & charged two dollars.  I have seen no letters or papers but will get them this morning.  I hope to hear from you & Fanny.  I saw a great many of my old friends & acquaintances at Walhalla & they all seemed glad to meet me very much & complimented me very much all very youthful appearance.  One old man said it was remarkable I had no gray hairs!  Love to all.  Your affect[ionate] husband, B.F. Perry",B.F. Perry,BFPerry_Letter767.txt
773,27 April 1879,"I have an abiding confidence my dear little grandchildren that you will both do honor to your grandparents & to your dear father & mother.  Would to God, that I could hope to see you both grown & settled in life.  It would be the crowning wish of my heart.  Your affectionate loving grandfather, B.F. Perry","I thank you kindly for remembering me, in so pleasant a way, of that important & happy event in our lives & which has resulted in having two such grandchildren.  I said to your grandmother this morning that I thought you Miss Emily the sweetest & prettiest little thing I ever saw; & that you master Perry was the noblest & most remarkable little boy, morally, physically & intellectually that I had ever known.",B.F. Perry,BFPerry_Letter773.txt
203,7 December 1852,P.S.  Mr. & Mrs. Efford and Miss Crayton have just arrived & I think you for the letter & will write you tomorrow again.,"P.S. Col. Glover clerk of the House will be elected Judge in the morning over Col. Dawkins & Col., Fair.","Yours truly & affectionately, B.F. Perry",BFPerry_Letter203.txt
565,29 December 1859,Greenville,Mrs. Elizabeth Perry,B.F. Perry,BFPerry_Letter565.txt
571,19 February 1860,Annapolis,Frank Perry,B.F. Perry,BFPerry_Letter571.txt
217,14 February 1853,Greenville,Mrs. Elizabeth Perry,B.F. Perry,BFPerry_Letter217.txt
559,15 December 1859,Greenville,Mrs. Elizabeth Perry,B.F. Perry,BFPerry_Letter559.txt
388,10 February 1857,"Pickens, C.H.",Lawrence,"Yours truly &c., B.F. Perry",BFPerry_Letter388.txt
377,4 December 1856,Greenville,Mrs. Elizabeth Perry,B.F. Perry,BFPerry_Letter377.txt
411,26 September 1857,"Annapolis, Maryland",Frank Perry,B.F. Perry,BFPerry_Letter411.txt
405,18 September 1857,Annapolis,Frank Perry,B.F. Perry,BFPerry_Letter405.txt
363,10 May 1856,Greenville,Mrs. Elizabeth Perry,B.F. Perry,BFPerry_Letter363.txt
439,28 November 1857,Greenville,Mrs. Elizabeth Perry,"Yours affectionately, B.F. Perry",BFPerry_Letter439.txt
33,3 December 1845,Greenville,Mrs. Elizabeth Perry,"Yours truly & affectionately, B.F. Perry",BFPerry_Letter33.txt
27,16 October 1845],Greenille,Mrs. B.F. Perry,"Yours truly & affectionately, good night, B.F. Perry",BFPerry_Letter27.txt
613,14 July 1861,Greenville,Benjamin Perry,,BFPerry_Letter613.txt
175,3 June 1851,Greenville,Mrs. Elizabeth Perry,"Yours truly &c, B.F. Perry",BFPerry_Letter175.txt
161,24 November 1850,Greenville,Mrs. Elizabeth Perry,"Yours truly & affectionately, B.F. Perry",BFPerry_Letter161.txt
607,16 June 1861,W.H. Perry,"McBee & Ferguson say your horses look well.  Give my best respects to all your messmates & friends, S, Ferguson, Thompson, Houstonand others.  In haste, yours affectionately, my dear Son, B.F. Perry",B.F. Perry,BFPerry_Letter607.txt
149,18 December 1849,"I hope to hear from you tonight.  Yours truly, B.F. Perry",The weather is now good but looks like a change.,"Yours truly &c, B.F. Perry",BFPerry_Letter149.txt
2,20 November 1842,Greenville,Mrs. Elizabeth Perry,B.F. Perry,BFPerry_Letter2.txt
639,25 November 1862,Greenville,Mrs. Elizabeth Perry,B.F. Perry,BFPerry_Letter639.txt
177,15 June 1851,Greenville,Mrs. Elizabeth Perry,"Yours truly & affectionately, B.F. Perry",BFPerry_Letter177.txt
611,30 June 1861,Greenville,Benjamin Perry,,BFPerry_Letter611.txt
605,13 June 1861,W.H. Perry,"P.S. Your grandmother has sold her house to Buist for $4,000.00.",B.F. Perry,BFPerry_Letter605.txt
163,30 November 1850,Greenville,Mrs. Elizabeth Perry,"Yours truly & affectionately, B.F. Perry",BFPerry_Letter163.txt
188,3 May 1852,Greenville,Mrs. Elizabeth Perry,B.F. Perry,BFPerry_Letter188.txt
19,9 December 1844,Greenville,Mrs. Elizabeth Perry,B.F. Perry,BFPerry_Letter19.txt
31,28 November 1845,Greenville,Mrs. Elizabeth Perry,B.F. Perry,BFPerry_Letter31.txt
25,20 June 1845,Greenville,Mrs. Elizabeth Perry,B.F. Perry,BFPerry_Letter25.txt
349,16 December 1855,Greenville,Mrs. Elizabeth Perry,B.F. Perry,BFPerry_Letter349.txt
413,28 September 1857,Annapolis,Frank Perry,B.F. Perry,BFPerry_Letter413.txt
375,2 December 1856,Greenville,Mrs. Elizabeth Perry,B.F. Perry,BFPerry_Letter375.txt
361,6 May 1856,Greenville,Mrs. Elizabeth Perry,B.F. Perry,BFPerry_Letter361.txt
407,20 September 1857,A.D. Hoke M/D.,Ordinary Greenville District So. Ca.,,BFPerry_Letter407.txt
229,28 February 1853,Greenville,Mrs. Elizabeth Perry,B.F. Perry,BFPerry_Letter229.txt
567,8 January 1860,Annapolis,Frank Perry,B.F. Perry,BFPerry_Letter567.txt
201,4 December 1852,Charleston,Miss Anna Perry,B.F. Perry,BFPerry_Letter201.txt
215,,Greenville,Mrs. Elizabeth Perry,"Yours most affectionately, B.F. Perry",BFPerry_Letter215.txt
573,4 March 1860,Annapolis,Frank Perry,B.F. Perry,BFPerry_Letter573.txt
598,,"I am with great respect, yours truly, B.F. Perry",He shot Head[d]en in broad daylight in the presence of witnesses & went immediately & gave himself up to the sheriff.,B.F. Perry,BFPerry_Letter598.txt
759,26 October 1872,Mrs. Elizabeth Perry,"The New York World announces my election in glowing terms & with extravagant praise of myself.  I have two congratulatory letters from the North & a Hotel (Willards) in Washington sends me an invitation to stay there.  In haste, your affect[ionate] husband, B.F. Perry",B.F. Perry,BFPerry_Letter759.txt
765,24 August 1875,"Why then, my dear sir, when it is proposed to do honor to the memories of these illustrious men, Southern men as well as Northern men, should we hesitate to unite in the celebration?  I am sure we love & venerate our patriots & heroes as much as the people of [incomplete]","We should feel as proud of their great actions & cherish their memories as dearly, as if the results had been different.  We must not think less of our glorious ancestry because misfortune has befallen us nor should we less cordially unite, in celebrating their patriotism , their heroism & their virtues.  The South has as much right to honor & boast of that Declaration of Independence as the north has.  The Southern people contributed as much to the success of the American Revolution, as the northern people.  One of them penned the Declaration of Independence and another one of their sons was commander in chief of the army during the whole war; and but for his wisdom, unerring judgement & unselfish ambition our independence would never have been achieved.  The Southern members of the old Continental Congress were the peers of any from the north in ability, eloquence & statesmanship.",,BFPerry_Letter765.txt
771,28 September 1876,Philadelphia,W.H. Perry,B.F. Perry,BFPerry_Letter771.txt
770,26 September 1876,Mrs. Elizabeth Perry,"I received a very nice letter well written from John Perrys wife thanking me for my likeness & the pamphlet about dear Anna.  She says she will read it with great interest when she gets well, John has been sick but convalescing, & she is a great deal better than when I saw her.  She signs her name Burt Perry.  Burt is a singular christian name for a young lady.  I received a card addressed to my care from  Wylie, to Miss Emma Julia Blum.  He is coming to Greenville.  Also are into address a public meeting at Fork Shoals signed by.  Your affectionate husband, B.F. Perry",B.F. Perry,BFPerry_Letter770.txt
764,13 November 1872,Aiken,Hayne Perry,B.F. Perry,BFPerry_Letter764.txt
758,23 October 1872,Aiken,Mrs. Elizabeth Perry,B.F. Perry,BFPerry_Letter758.txt
599,19 February 1861,"I am with great respect, yours truly &c., B.F. Perry","It is known to you that I have always been opposed to breaking yup our Federal Union.  But after the State had seceded I felt bound to sustain her action, & will do so.",B.F. Perry,BFPerry_Letter599.txt
214,15 December 1852,Greenville,Mrs. Elizabeth Perry,B.F. Perry,BFPerry_Letter214.txt
572,26 February 1860,Annapolis,Frank Perry,B.F. Perry,BFPerry_Letter572.txt
566,1 January 1860,Annapolis,Frank Perry,B.F. Perry,BFPerry_Letter566.txt
200,4 December 1852,Greenville,Mrs. Elizabeth Perry,B.F. Perry,BFPerry_Letter200.txt
228,28 February 1853,Greenville,Mrs. Elizabeth Perry,"Yours affectionately, B.F. Perry",BFPerry_Letter228.txt
360,6 May 1856,Greenville,Mrs. Elizabeth Perry,"Yours affectionately, B.F. Perry",BFPerry_Letter360.txt
406,20 September 1857,Greenville,Mr. B.F. Perry,B.F. Perry,BFPerry_Letter406.txt
412,27 September 1857,"Burlington, N.J.",Miss Anna Perry,B.F. Perry,BFPerry_Letter412.txt
374,1 December 1856,Greenville,Mrs. Elizabeth Perry,,BFPerry_Letter374.txt
348,11 December 1855,Greenville,Mrs. Elizabeth Perry,B.F. Perry,BFPerry_Letter348.txt
24,12 May 1845,Greenville,Mrs. Elizabeth Perry,"Yours truly &c, B.F. Perry",BFPerry_Letter24.txt
30,26 November 1845,Greenville,Mrs. Elizabeth Perry,"Yours truly, B.F. Perry",BFPerry_Letter30.txt
18,8 December 1844,Greenville,Mrs. Elizabeth Perry,B.F. Perry,BFPerry_Letter18.txt
189,21 June 1852,Greenville,Mrs. Elizabeth Perry,"Yours truly & affectionately, B.F. Perry",BFPerry_Letter189.txt
604,11 June 1861,Greenville,Mrs. Elizabeth Perry,,BFPerry_Letter604.txt
162,27 November 1850,Greenville,Mrs. Elizabeth Perry,B.F. Perry,BFPerry_Letter162.txt
176,,Greenville,Mrs. Elizabeth Perry,"Yours &c, B.F. Perry",BFPerry_Letter176.txt
610,28 June 1861,Greenville,Benjamin Perry,,BFPerry_Letter610.txt
638,24 November 1862,[This letter is faded badly],Greenville,B.F. Perry,BFPerry_Letter638.txt
3,"Monday morning, 28 November 1842",Greenville,Mrs. Elizabeth Perry,"Yours truly, B.F. Perry",BFPerry_Letter3.txt
635,19 December 1861,Greenville,Mrs. Elizabeth Perry,,BFPerry_Letter635.txt
153,2 April 1850,Greenville,Mrs. Elizabeth Perry,"Yours truly & sincerely, B.F. Perry.",BFPerry_Letter153.txt
147,14 December 1849,Greenville,Mrs. Elizabeth Perry,"Yours, B.F. Perry",BFPerry_Letter147.txt
621,21 August 1861,Greenville,Mrs. Elizabeth Perry,B.F. Perry,BFPerry_Letter621.txt
609,25 June 1861,Greenville,Benjamin Perry,,BFPerry_Letter609.txt
15,26 November 1844],Greenville,Mrs. Elizabeth Perry,,BFPerry_Letter15.txt
190,29 September 1852,Greenville,Mrs. Elizabeth Perry,"Yours truly, B.F. Perry",BFPerry_Letter190.txt
184,26 April 1852,Greenville,Miss Anna Perry,B.F. Perry,BFPerry_Letter184.txt
29,,Greenville,Mrs. Elizabeth Perry,"Yours &c, B.F. Perry",BFPerry_Letter29.txt
351,,Greenville,Mrs. Elizabeth Perry,B.F. Perry,BFPerry_Letter351.txt
437,28 November 1857,Annapolis,Frank Perry,B.F. Perry,BFPerry_Letter437.txt
423,1 November 1857,Annapolis,Frank Perry,B.F. Perry,BFPerry_Letter423.txt
345,7 December 1855,Greenville,Mrs. Elizabeth Perry,B.F. Perry,BFPerry_Letter345.txt
379,7 December 1856,Greenville,Mrs. Elizabeth Perry,B.F. Perry,BFPerry_Letter379.txt
392,3 May 1857,Greenville,Miss Anna Perry,B.F. Perry,BFPerry_Letter392.txt
386,17 December 1856,Greenville,Mrs. Elizabeth Perry,B.F. Perry,BFPerry_Letter386.txt
225,25 February 1853,Greenville,Mrs. Elizabeth Perry,"Yours affectionately, B.F.P.",BFPerry_Letter225.txt
543,27 November 1859,Annapolis,Frank Perry,"Yours &c., B.F. Perry",BFPerry_Letter543.txt
557,13 December 1859,Greenville,Mrs. Elizabeth Perry,B.F. Perry,BFPerry_Letter557.txt
231,3 March 1853,Greenville,Mrs. Elizabeth Perry,B.F. Perry,BFPerry_Letter231.txt
219,19 February 1853,Greenville,Mrs. Elizabeth Perry,B.F. Perry,BFPerry_Letter219.txt
580,18 April 1860,Greenville,Mrs.  Elizabeth Perry,B.F. Perry,BFPerry_Letter580.txt
594,10 December 1860,Greenville,Mrs. Elizabeth Perry,B.F. Perry,BFPerry_Letter594.txt
741,5 July 1868,Greenville,Mrs. Elizabeth Perry,B.F. Perry,BFPerry_Letter741.txt
755,10 October 1872,Mrs. Elizabeth Perry,"I begin to feel [Horace] Greel[e]y will be beaten.  Pennsylvania , Ohio & Indiana have gone against the Democrats!  But I will not despair of the Republic.  I have heard nothing from Home or Hext since you left.  I have made a great many friends here.  I do hope Hayne will get better.  A great many Radicals will vote for me.  Gov. Scott has said he wishes me to beat Wallace.  Your affect[ionate] husband, B.F. Perry",B.F. Perry,BFPerry_Letter755.txt
769,22 September 1876,Mrs. Elizabeth Perry,"Tomorrow I attend a meeting at Reedy River Church to form a society pledging ourselves not to employ anyone who votes the Radical ticket.  I send you one copy of my Walhalla speech today & tomorrow will send you a number of them just got in the Weekly Enterprise.  If you send one to Governor Tilden, you had better cut it out & enclose it in a letter.  Newspapers are never noticed.  I have just given my Honea Path speech to Bailey, which is entirely different from the Walhalla speech & I think equally good.  I have been invited to deliver a Lecture before the Reform Labor Society at Laurens next March!  I wrote you a long letter yesterday.  Why does not Fannie write me some times & Perry too.  I cannot get a copy of your published letter.  When it comes out in the weekly Enterprise I will send it to you.  We are all well.  Tell Hext I received his note.  Yellow fever in Charleston!  Dreadful in Savannah, 35 deaths every day!  Your affec[tionate] hus[band], B.F. Perry",B.F. Perry,BFPerry_Letter769.txt
768,19 September 1876,Mrs. Elizabeth Perry,"Miss Fuller has written twice about Perkins money but he has not paid the interest.  Barnwell Rhett is dead.  Died in Louisiana at his son in laws.  Ramon Pearson died here Saturday last.  The yellow fever is raging in Savannah.  Thirty deaths a day.  Dont go to New York or let Fannie or Mr. Beattie go.  The yellow fever is there & scared Donaldson off.  Your affect[ionate] husband, B.F. Perry",B.F. Perry,BFPerry_Letter768.txt
754,6 October 1872,Greenville,Mrs. Elizabeth Perry,B.F. Perry,BFPerry_Letter754.txt
740,6 March 1867,"Please call & see me.  I am with great respect, yours truly, B.F. Perry",You once said to me many years ago not to sue you on your note & that you would regard it as a debt of honor.  I relied on your promise & still rely on it.  But in times like the present I must ask you to secure the debt in some way.  I do not ask you for the money though I am greatly straintened in my circumstances & hard pressed.  I think you ought to secure the debt as you have that of others not older than mine or of a more sacred character.,B.F. Perry,BFPerry_Letter740.txt
595,11 December 1860,Greenville,Mrs. Elizabeth Perry,B.F. Perry,BFPerry_Letter595.txt
581,20 April 1860,Greenville.,Mrs. Elizabeth Perry,B.F. Perry,BFPerry_Letter581.txt
218,17 February 1853,Greenville,Mrs. Elizabeth Perry,Yours truly & sincerely.  Nothing special as to the President or his cabinet.  B.F. Perry,BFPerry_Letter218.txt
556,,Greenville,Mrs. Elizabeth Perry,B.F. Perry,BFPerry_Letter556.txt
230,1 March 1853,Greenville,Mrs. Elizabeth Perry,,BFPerry_Letter230.txt
224,24 February 1853,Greenville,Mrs. Elizabeth Perry,B.F. Perry,BFPerry_Letter224.txt
542,20 November 1859,Annapolis,Frank Perry,B.F. Perry,BFPerry_Letter542.txt
387,19 December 1856,Greenville,Mrs. Elizabeth Perry,B.F. Perry,BFPerry_Letter387.txt
393,6 May 1857,Greenville,Mrs. Elizabeth Perry,B.F. Perry,BFPerry_Letter393.txt
378,5 December 1856,Greenville,Mrs. Elizabeth Perry,B.F. Perry,BFPerry_Letter378.txt
422,1 November 1857,"Burlington, N.J.",Anna Perry,,BFPerry_Letter422.txt
344,7 December 1855,Greenville,Master Frank Perry,B.F. Perry,BFPerry_Letter344.txt
350,16 December 1855,Charleston,Miss Anna Perry,B.F. Perry,BFPerry_Letter350.txt
436,26 November 1857,Greenville,Mrs. Elizabeth Perry,B.F. Perry,BFPerry_Letter436.txt
28,26 October 1845,Greenville,William Perry,B.F. Perry,BFPerry_Letter28.txt
185,27 April 1852,Greenville,Mrs. Elizabeth Perry,"Yours truly & affectionately, B.F. Perry",BFPerry_Letter185.txt
14,17 October 1844,Greenville,Mrs. Elizabeth Perry,"Yours &c, B.F. Perry",BFPerry_Letter14.txt
191,,Greenville,Mrs. Elizabeth Perry,"Yours truly, B.F. Perry",BFPerry_Letter191.txt
608,18 June 1861,Greenville,Mrs. Elizabeth Perry,,BFPerry_Letter608.txt
146,12 December 1849,Greenville,Mrs. Elizabeth Perry,"Yours affectionately, B.F. Perry",BFPerry_Letter146.txt
620,21 August 1861,Greenville,Mrs. Elizabeth Perry,B.F. Perry,BFPerry_Letter620.txt
634,10 December 1861,Greenville,Mrs. Elizabeth Perry,B.F. Perry,BFPerry_Letter634.txt
152,28 March 1850,Greenville,Mrs. Elizabeth Perry,"Yours truly & sincerely, B.F. Perry",BFPerry_Letter152.txt
622,23 August 1861,Greenville,Mrs. Elizabeth Perry,B.F. Perry,BFPerry_Letter622.txt
144,7 December 1849,Greenville,Anna Perry,B.F. Perry,BFPerry_Letter144.txt
150,13 March 1850,Greenville,Mrs. Elizabeth Perry,"Yours truly & sincerely, B.F. Perry",BFPerry_Letter150.txt
636,22 December 1861,"P.S. I would like some paper and a few Envelopes, by any opportunity you get to send them.  They have given us what they call Sibley tents (circular ones) instead of the old ones.  We have chimneys to them and are pretty comfortable.  My wall tent is at a house near Bacon Race for safe keeping, until we want it.","I will close now.  Give my love to all, and write often.  Your Affectionate Son, W.H. Perry",,BFPerry_Letter636.txt
178,14 October 1851,Greenville,Mrs. Elizabeth Perry,"Yours truly & affectionately, B.F. Perry",BFPerry_Letter178.txt
187,1 May 1852,Greenville,Mrs. Elizabeth Perry,"Yours truly & affectionately, B.F. Perry",BFPerry_Letter187.txt
193,27 November 1852,Greenville,Mrs. Elizabeth Perry,"Yours truly, B.F. Perry",BFPerry_Letter193.txt
16,24 November 1844],Greenville,Mrs. Elizabeth Perry,"Yours truly &c, B.F. Perry",BFPerry_Letter16.txt
346,9 December 1855,Greenville,Mrs. Elizabeth Perry,B.F. Perry,BFPerry_Letter346.txt
420,24 October 1857,"Burlington, N.J.",Miss Anna Perry,B.F. Perry,BFPerry_Letter420.txt
434,26 November 1857,Greenville,Mrs. Elizabeth Perry,B.F. Perry,BFPerry_Letter434.txt
352,19 December 1855,Greenville,Mrs. Elizabeth Perry,,BFPerry_Letter352.txt
408,20 September 1857,"Annapolis, Maryland",Frank Perry,B.F. Perry,BFPerry_Letter408.txt
385,15 December 1856,Greenville,Miss Anna Perry,B.F. Perry,BFPerry_Letter385.txt
391,6 April 1857,S.C. College,Mr. William Hayne Perry,B.F. Perry,BFPerry_Letter391.txt
232,3 March 1853,Greenville,Mrs. Elizabeth Perry,B.F. Perry,BFPerry_Letter232.txt
554,10 December 1859],Greenville,Mrs. Elizabeth Perry,B.F. Perry,BFPerry_Letter554.txt
540,23 October 1859,Annapolis,Frank Perry,B.F. Perry,BFPerry_Letter540.txt
226,26 February 1853,Greenville,Mrs. Elizabeth Perry,B.F. Perry,BFPerry_Letter226.txt
568,14 January 1860,Annapolis,Frank Perry,B.F. Perry,BFPerry_Letter568.txt
597,2 February 1861,Greenville,2 February 1861,,BFPerry_Letter597.txt
583,21 April 1860,Greenville,Mrs. Elizabeth Perry,B.F. Perry,BFPerry_Letter583.txt
756,13 October 1872,I think Willies election pretty sure.  He is in Abbeville & will remain there till after the election.  I hear very favorable accounts of his success there & in Pickens.,"Everywhere I was well received but Winnsboro beat them all, when in nullification terms I could not have got a dozen votes, for anything even constable.  I met my old friend Major Wardlaw, Col. inson, Col. Lyles, Mr. Campbell.  The parlor of their church & manymany others, who seemed delighted to see me.  I left about twelve oclock in the night & came to Columbia with [D.T.] Corbin district attorney.  He told me that he wished me elected to Congress & thought I would beat [A.S.] Wallace.  But it is very uncertain & depends on the turnout of the negroes.  If they turn out well I shall be beaten.  Although we have a majority of white voters, there are at least two thousand scalawags in the congressional district.  I do not think the negroes will turn out well.",,BFPerry_Letter756.txt
742,7 July 1868,Greenville,Mrs. Elizabeth Perry,B.F. Perry,BFPerry_Letter742.txt
743,10 July 1868,Greenville,Mrs. Elizabeth Perry,B.F. Perry,BFPerry_Letter743.txt
757,22 October 1872,Aiken,Mrs. Elizabeth Perry,B.F. Perry,BFPerry_Letter757.txt
582,21 April 1860,Greenville.,Mrs. Elizabeth Perry,B.F. Perry,BFPerry_Letter582.txt
596,,"Such a tribute of respect to the memory of their deceased son, by the gallant, generous & noble hearted classmates, has deeply touched the grieving hearts of his parents.  If the enduring qualities of one so young, could have drawn from his associates, such a beautiful & costly tribute of friendship to his memory, what a bright future may they not have hoped for in his manhood.","of the shaft holding in his beak a wreath of Laurels, onea cannon ball and the other resting on the flag of the United States.",Benjamin Franklin Perry,BFPerry_Letter596.txt
569,22 January 1860,Annapolis,Frank Perry,B.F. Perry,BFPerry_Letter569.txt
541,27 October 1859,Annapolis,Frank Perry,B.F. Perry,BFPerry_Letter541.txt
227,27 February 1853,Greenville,Mrs. Elizabeth Perry,B.F. Perry,BFPerry_Letter227.txt
233,4 March 1285,Greenville,Mrs. Elizabeth Perry,B.F. Perry,BFPerry_Letter233.txt
555,12 December 1859,Greenville,Mrs. Elizabeth Perry,B.F. Perry,BFPerry_Letter555.txt
390,20 February 1857,S.C. College,Mr. William Hayne Perry,"Yours &c., B.F. Perry",BFPerry_Letter390.txt
384,15 December 1856,Greenville,Mrs. Elizabeth Perry,B.F. Perry,BFPerry_Letter384.txt
409,21 September 1857,"Burlington, N.J.",Miss Anna Perry,B.F. Perry,BFPerry_Letter409.txt
435,26 November 1857,Greenville,Mrs. Elizabeth Perry,B.F. Perry,BFPerry_Letter435.txt
353,,Greenville,Mrs. Elizabeth Perry,B.F. Perry,BFPerry_Letter353.txt
347,10 December 1855,Greenville,Mrs. Elizabeth Perry,B.F. Perry,BFPerry_Letter347.txt
421,25 October 1857,Annapolis,Frank Perry,B.F. Perry,BFPerry_Letter421.txt
192,,Greenville,Mrs. Elizabeth Perry,B.F. Perry,BFPerry_Letter192.txt
17,29 November 1844],Greenville,Mrs. Elizabeth Perry,,BFPerry_Letter17.txt
186,29 April 1852,Greenville,Mrs. Elizabeth Perry,"Yours truly &c, B.F. Perry",BFPerry_Letter186.txt
179,24 November 1851,Greenville,Mrs. Elizabeth Perry,"Yours truly & sincerely, B.F. Perry",BFPerry_Letter179.txt
151,15 March 1850,Greenville,Mrs. Elizabeth Perry,"Yours truly, B.F. Perry",BFPerry_Letter151.txt
637,24 November 1862,Greenville,Mrs. Elizabeth Perry,B.F. Perry,BFPerry_Letter637.txt
623,24 August 1861,Greenville,Mrs. Elizabeth Perry,B.F. Perry,BFPerry_Letter623.txt
145,9 December 1849,Greenville,Mrs. Elizabeth Perry,B.F. Perry,BFPerry_Letter145.txt
169,12 December 1850,Greenville,Mrs. Elizabeth Perry,"Yours truly & sincerely, B.F. Perry",BFPerry_Letter169.txt
141,2 December 1849,Greenville,Mrs. Elizabeth Perry,"Yours truly & affectionately, B.F. Perry",BFPerry_Letter141.txt
627,28 September 1861,Greenville,Benjamin Perry,,BFPerry_Letter627.txt
8,,Greenville,Mrs. B. F. Perry,,BFPerry_Letter8.txt
633,7 December 1861,Greenville,Mrs. Elizabeth Perry,,BFPerry_Letter633.txt
155,,Greenvile,Mrs. Elizabeth Perry,B.F. Perry,BFPerry_Letter155.txt
182,28 November 1851,Greenville,Mrs. Elizabeth Perry,"Yours truly &c, B.F. Perry",BFPerry_Letter182.txt
13,15 October 1844],Greenville,Mrs. Elizabeth Perry,"Yours trulygood night & kiss the children, B.F. Perry",BFPerry_Letter13.txt
196,29 November 1852,Greenville,Mrs. Elizabeth Perry,"Yours truly & affectionately, B.F. Perry",BFPerry_Letter196.txt
419,17 October 1857,Greenville,Mr. B.F. Perry,B.F. Perry,BFPerry_Letter419.txt
425,15 November 1857,"Burlington, N.J.",Miss Anna Perry,B.F. Perry,BFPerry_Letter425.txt
343,5 December 1855,Greenville,Mrs. Elizabeth Perry,B.F. Perry,BFPerry_Letter343.txt
357,3 May 1856,Greenville,Mrs. Elizabeth Perry,B.F. Perry,BFPerry_Letter357.txt
431,22 November 1857,"Burlington, N.J.",Miss Anna Perry,B.F. Perry,BFPerry_Letter431.txt
380,8 December 1856,Greenville,Mrs. Elizabeth Perry,B.F. Perry,BFPerry_Letter380.txt
394,7 May 1857,Greenville,Mrs. Elizabeth Perry,B.F. Perry,BFPerry_Letter394.txt
579,17 April 1860,Greenville,Mrs. Elizabeth Perry,B.F. Perry,BFPerry_Letter579.txt
551,8 December 1859,Greenville,Mrs. Elizabeth Perry,B.F. Perry,BFPerry_Letter551.txt
237,7 March 1853,Greenville,Mrs. Elizabeth Perry,B.F. Perry,BFPerry_Letter237.txt
223,23 February 1853,Greenville,Mrs. Elizabeth Perry,B.F. Perry,BFPerry_Letter223.txt
545,1 December 1859,Greenville,Mrs. Elizabeth Perry,B.F. Perry,BFPerry_Letter545.txt
592,28 November 1860,Greenville,Mrs. Elizabeth Perry,B.F. Perry,BFPerry_Letter592.txt
586,26 April 1860,Annapolis,Frank Perry,B.F. Perry,BFPerry_Letter586.txt
753,2 October 1872,Greenville,Mrs. Elizabeth Perry,B.F. Perry,BFPerry_Letter753.txt
747,26 August 1870,Sans Souci,Mrs. Elizabeth Perry,B.F. Perry,BFPerry_Letter747.txt
746,25 August 1870,Sans Souci,Mrs. Elizabeth Perry,B.F. Perry,BFPerry_Letter746.txt
752,22 December 1870,Sans Souci,Mrs. Elizabeth Perry,B.F. Perry,BFPerry_Letter752.txt
587,26 April 1860,Greenville,Mrs. Elizabeth Perry,B.F. Perry,BFPerry_Letter587.txt
593,28 November 1860,Greenville,Mrs. Elizabeth Perry,B.F. Perry,BFPerry_Letter593.txt
222,22 February 1853,Greenville,Mrs. Elizabeth Perry,"Yours truly & sincerely, B.F. Perry",BFPerry_Letter222.txt
544,29 November 1859,Greenville,Mrs. Elizabeth Perry,B.F. Perry,BFPerry_Letter544.txt
550,6 December 1859,Greenville,Mrs. Elizabeth Perry,B.F. Perry,BFPerry_Letter550.txt
236,6 March 1853,Greenville,Mrs. Elizabeth Perry,B.F. Perry,BFPerry_Letter236.txt
578,16 April 1860,Greenville,Mrs. Elizabeth Perry,B.F. Perry,BFPerry_Letter578.txt
395,2 June 1857,S.C. College,Mr. William Hayne Perry,B.F. Perry,BFPerry_Letter395.txt
381,9 December 1856,Greenville,Mrs. Elizabeth Perry,B.F. Perry,BFPerry_Letter381.txt
356,1 May 1856,Greenville,Mrs. Elizabeth Perry,B.F. Perry,BFPerry_Letter356.txt
430,22 November 1857,Greenville,Mrs. Elizabeth Perry,B.F. Perry,BFPerry_Letter430.txt
424,8 November 1857,Annapolis,Frank Perry,B.F. Perry,BFPerry_Letter424.txt
342,4 December 1855,Greenville,Mrs. Elizabeth Perry,B.F. Perry,BFPerry_Letter342.txt
418,14 October 1857,Annapolis,Frank Perry,B.F. Perry,BFPerry_Letter418.txt
12,27 May 1844],Greenville,Mrs. Elizabeth Perry,"Yours truly & lovingly, B.F, Perry",BFPerry_Letter12.txt
197,1 December 1852,Greenville,Mrs. Elizabeth Perry,B.F. Perry,BFPerry_Letter197.txt
183,28 November 1851,Greenville,Mrs. Elizabeth Perry,"Yours truly & sincerely, B.F. Perry",BFPerry_Letter183.txt
632,26 November 1861,Greenville,Benjamin Perry,,BFPerry_Letter632.txt
154,17 April 1850,Greenville,Mrs. Elizabeth Perry,B.F. Perry,BFPerry_Letter154.txt
140,30 November 1849,Greenville,Mrs. Elizabeth Perry,Yours affectionately. B.F. Perry,BFPerry_Letter140.txt
9,,Greenville,Mrs. Elizabeth Perry,"Yours good night , and good bless you, B.F. Perry",BFPerry_Letter9.txt
626,11 September 1860,Greenville,Benjamin Perry,,BFPerry_Letter626.txt
168,10 December 1850,Greenville,Mrs. Elizabeth Perry,B.F. Perry,BFPerry_Letter168.txt
618,16 August 1861,Greenville,Mrs. Elizabeth Perry,,BFPerry_Letter618.txt
156,6 May 1850,Greenville,Mrs. Elizabeth Perry,"Yours truly & affectionately, B.F. Perry",BFPerry_Letter156.txt
630,10 November 1861,Greenville,Benjamin Perry,,BFPerry_Letter630.txt
624,24 August 1861,Greenville,Mrs. Elizabeth Perry,B.F. Perry,BFPerry_Letter624.txt
142,3 December 1849,Greenville,Mrs. Elizabeth Perry,B.F. Perry,BFPerry_Letter142.txt
38,12 May 1846,Greenville,Mrs. Elizabeth Perry,B.F. Perry,BFPerry_Letter38.txt
195,27 November 1852,Greenville,Mrs. Elizabeth Perry,"Yours truly &c, B.F. Perry",BFPerry_Letter195.txt
10,24 October 1843,Greenville,Mrs. Elizabeth Perry,,BFPerry_Letter10.txt
181,27 November 1851,Greenville,Mrs. Elizabeth Perry,B.F. Perry,BFPerry_Letter181.txt
368,23 November 1856,Greenville,Mrs. Elizabeth Perry,B.F. Perry,BFPerry_Letter368.txt
432,24 November 1857,Greenville,Mrs. Elizabeth Perry,B.F. Perry,BFPerry_Letter432.txt
354,,Greenville,Mrs. Elizabeth Perry,"Yours in great, B.F. Perry",BFPerry_Letter354.txt
340,2 December 1855,Greenville,Mrs. Elizabeth Perry,B.F. Perry,BFPerry_Letter340.txt
426,15 November 1857,Annapolis,Frank Perry,B.F. Perry,BFPerry_Letter426.txt
397,11 June 1857,Greenville,Mrs. Elizabeth Perry,B.F. Perry,BFPerry_Letter397.txt
383,11 December 1856,Greenville,Fannie Perry,B.F. Perry,BFPerry_Letter383.txt
208,12 December 1852,Greenville,Mrs. Elizabeth Perry,B.F. Perry,BFPerry_Letter208.txt
546,2 December 1859,Greenville,Mrs. Elizabeth Perry,B.F. Perry,BFPerry_Letter546.txt
220,20 February 1853,Greenville,Mrs. Elizabeth Perry,"Yours &c, B.F. Perry",BFPerry_Letter220.txt
234,4 March 1853,"I am with great respect yours &c, B.F. Perry","For myself I ask no office or reward for the sacrifice of my popularity & influence in South Carolina in defence of the Union & the compromise.  The wildest term applied to me was that of traitor, but I knew my own heart & disregarded it, Although I ask nothing for myself, I do ask for my friend who was then politically opposed to me and whom I know to be honorable & capable & meritorious.  His appointment will confer a favor on me & be highly acceptable to the State of South Carolina in whose service he has spent many years of his life & held a high & responsible office, Treasurer of the State.",B.F. Perry,BFPerry_Letter234.txt
552,8 December 1859,Greenville,Mrs. Elizabeth Perry,B.F. Perry,BFPerry_Letter552.txt
585,24 April 1860,Greenville,W.H. Perry,B.F. Perry,BFPerry_Letter585.txt
591,27 November 1860,Greenville,Mrs. Elizabeth Perry,B.F. Perry,BFPerry_Letter591.txt
744,24 April 1870,Sans Souci,Mrs. Elizabeth Perry,B.F. Perry,BFPerry_Letter744.txt
750,8 December 1870,Sans Souci,Mrs. Elizabeth Perry,B.F. Perry,BFPerry_Letter750.txt
751,21 December 1870,Sans Souci,Mrs. Elizabeth Perry,B.F. Perry,BFPerry_Letter751.txt
745,24 August 1870,Sans Souci,Mrs. Elizabeth Perry,B.F. Perry,BFPerry_Letter745.txt
590,14 May 1860,Benjamin Perry,I have got such a pen that I can hardly write.,,BFPerry_Letter590.txt
584,22 April 1860,Greenville,Mrs. Elizabeth Perry,B.F. Perry,BFPerry_Letter584.txt
235,5 March 1853,Greenville,Mrs. Elizabeth Perry,"Yours &c, B.F. Perry",BFPerry_Letter235.txt
553,10 December 1859,Greenville,Mrs. Elizabeth Perry,"Yours affectionately, B.F. Perry",BFPerry_Letter553.txt
547,2 December 1859,Greenville,Mrs. Elizabeth Perry,"Yours truly &c., B.F. Perry",BFPerry_Letter547.txt
221,21 February 1853,Greenville,Mrs. Elizabeth Perry,B.F. Perry,BFPerry_Letter221.txt
209,13 December 1852,Charleston,Miss Anna Perry,B.F. Perry,BFPerry_Letter209.txt
382,10 December 1856,Greenville,Anna Perry,B.F. Perry,BFPerry_Letter382.txt
396,10 June 1857,Greenville,Mrs. Elizabeth Perry,,BFPerry_Letter396.txt
341,4 December 1855,Greenville,Mrs. Elizabeth Perry,B.F. Perry,BFPerry_Letter341.txt
427,22 November 1857,Annapolis,"B.F. Perry, Jr.",B.F. Perry,BFPerry_Letter427.txt
433,24 November 1857,"Burlington, N.J.",Anna Perry,B.F. Perry,BFPerry_Letter433.txt
355,,Greenville,Mrs. Elizabeth Perry,B.F. Perry,BFPerry_Letter355.txt
369,24 November 1856,Greenville,Mrs. Elizabeth Perry,B.F. Perry,BFPerry_Letter369.txt
180,25 November 1851,Greenville,Mrs. Elizabeth Perry,"Yours truly &c, B.F. Perry",BFPerry_Letter180.txt
194,27 November 1852,Greenville,Mrs. Elizabeth Perry,"Yours truly &c, B.F. Perry",BFPerry_Letter194.txt
11,,Greenville,Mrs. Elizabeth Perry,B.F. Perry,BFPerry_Letter11.txt
39,3 July 1846,Greenville,Mrs. Elizabeth Perry,B.F. Perry,BFPerry_Letter39.txt
625,8 September 1861,Greenville,Mrs. Elizabeth Perry,,BFPerry_Letter625.txt
143,6 December 1849,Greenville,Mrs. Elizabeth Perry,"Yours truly, B.F. Perry",BFPerry_Letter143.txt
157,9 May 1850,Greenville,Mrs. Elizabeth Perry,B.F. Perry,BFPerry_Letter157.txt
631,20 November 1861,Greenville,Mrs. Elizabeth Perry,,BFPerry_Letter631.txt
619,20 August 1861,Greenville,Mrs. Elizabeth Perry,,BFPerry_Letter619.txt
130,,Greenville,Mrs. Elizabeth Perry,"Yours are never too long except when you scold me, or give me too much advice.",BFPerry_Letter130.txt
656,23 March 1863,Glencoe,Mrs. Elizabeth Perry,B.F. Perry,BFPerry_Letter656.txt
642,3 December 1862,[This letter is faded badly],Greenville,B.F. Perry,BFPerry_Letter642.txt
124,,Greenville,Mrs. Elizabeth Perry,"Yours in great haste & true affection, B.F. Perry",BFPerry_Letter124.txt
89,2 December 1847,Greenville,Mrs. Elizabeth Perry,B.F. Perry,BFPerry_Letter89.txt
118,,Greenville,Mrs. Elizabeth Perry,B.F. Perry,BFPerry_Letter118.txt
695,,Greenville,Mrs. Elizabeth Perry,B.F. Perry,BFPerry_Letter695.txt
76,16 May 1847,Greenville,Mrs. Elizabeth Perry,B.F. Perry,BFPerry_Letter76.txt
62,5 December 1846,Charleston,Mrs. Elizabeth Perry,B.F. Perry,BFPerry_Letter62.txt
681,2 December 1864,Greenville,Mrs. Elizabeth Perry,B.F. Perry,BFPerry_Letter681.txt
454,17 December 1857,Greenville,Mrs. Elizabeth Perry,B.F. Perry,BFPerry_Letter454.txt
332,10 May 1855,Greenville,Mrs. Elizabeth Perry,B.F. Perry,BFPerry_Letter332.txt
326,12 March 1855,Greenville,Mrs. Elizabeth Perry,"Yours affectionately, B.F. Perry",BFPerry_Letter326.txt
440,30 November 1857,"Burlington, N.J.",Anna Perry,,BFPerry_Letter440.txt
468,27 February 1858,Washington,Hon[orable] J.H. Hammond,B.F. Perry,BFPerry_Letter468.txt
497,18 September 1858,Annapolis,Frank Perry,B.F. Perry,BFPerry_Letter497.txt
483,4 May 1858,Greenville,Mrs. Elizabeth Perry,B.F. Perry,BFPerry_Letter483.txt
520,13 March 1859,Annapolis,Frank Perry,B.F. Perry,BFPerry_Letter520.txt
246,14 March 1853,Greenville,Mrs. Elizabeth Perry,B.F. Perry,BFPerry_Letter246.txt
252,21 March 1853,Greenville,Mrs. Elizabeth Perry,B.F. Perry,BFPerry_Letter252.txt
534,4 June 1859,Annapolis,Frank Perry,B.F. Perry,BFPerry_Letter534.txt
508,20 December 1858,Annapolis,Frank Perry,B.F. Perry,BFPerry_Letter508.txt
285,4 May 1854,Charleston,Mrs. Elizabeth Perry,B.F. Perry,BFPerry_Letter285.txt
291,14 May 1854,Greenville,Miss Anna Perry,B.F. Perry,BFPerry_Letter291.txt
722,12 December 1865,Greenville,Mrs. Elizabeth Perry,B.F. Perry,BFPerry_Letter722.txt
736,4 November 1866,Greenville,Mrs. Elizabethg Perry,B.F. Perry,BFPerry_Letter736.txt
737,28 November 1866,Greenville,Mrs. Elizabeth Perry,B.F. Perry,BFPerry_Letter737.txt
723,14 December 1865,Greenville,Mrs. Elizabeth Perry,B.F. Perry,BFPerry_Letter723.txt
290,10 May 1864,Greenville,Mr. Willie Perry,B.F. Perry,BFPerry_Letter290.txt
284,4 May 1854,Charleston,Mrs. Elizabeth Perry,B.F. Perry,BFPerry_Letter284.txt
509,26 December 1858,Annapolis,Frank Perry,B.F. Perry,BFPerry_Letter509.txt
253,23 March 1853,Greenville,Mrs. Elizabeth Perry,B.F. Perry,BFPerry_Letter253.txt
535,4 June 1859,Harvard College,W.H. Perry,B.F. Perry,BFPerry_Letter535.txt
521,13 March 1859,Harvard College,W.H. Perry,B.F. Perry,BFPerry_Letter521.txt
247,17 March 1853,Greenville,Mrs. Elizabeth Perry,B.F. Perry,BFPerry_Letter247.txt
482,3 May 1858,Greenville,Mrs. Elizabeth Perry,B.F. Perry,BFPerry_Letter482.txt
496,,Cambridge,W.H. Perry,B.F. Perry,BFPerry_Letter496.txt
469,27 February 1858,Washington,Hon[orable] J.L. Orr,"Yours truly, B.J. Perry",BFPerry_Letter469.txt
327,15 April 1855,Charleston,Miss Anna Perry,B.F. Perry,BFPerry_Letter327.txt
441,30 November 1857,Greenville,Mrs. Elizabeth Perry,B.F. Perry,BFPerry_Letter441.txt
455,20 December 1857,"Washington, DC",Dr. John LeConte,B.F. Perry,BFPerry_Letter455.txt
333,11 May 1855,Greenville,Mrs. Elizabeth Perry,"Yours affectionately, B.F. Perry",BFPerry_Letter333.txt
63,7 December 1846,Charleston,Mrs. Elizabeth Perry,B.F. Perry,BFPerry_Letter63.txt
680,1 December 1864,Greenville,Mrs. Elizabeth Perry,B.F. Perry,BFPerry_Letter680.txt
694,,Greenville,Mrs. Elizabeth Perry,B.F. Perry,BFPerry_Letter694.txt
77,20 May 1847,Greenville,Mrs. Elizabeth Perry,B.F. Perry,BFPerry_Letter77.txt
119,,Greenville,Mrs. Elizabeth Perry,"Yours truly, B.F. Perry",BFPerry_Letter119.txt
88,1 December 1847,Greenville,W.H.M. Perry,B.F. Perry,BFPerry_Letter88.txt
643,3 December 1862,[This letter is faded badly],Greenville,B.F. Perry,BFPerry_Letter643.txt
125,,Greenville,Mrs. Elizabeth Perry,B.F. Perry,BFPerry_Letter125.txt
131,,"Kiss the children for me.  I will write you by the next mail.  Yours truly & affectionately, B.F. Perry",I am anxious to hear from you & the children.  I saw the uncle of Mrs. Earle who was greatly shocked at her death.  Major Henry & daughter are here.  Miss Henry seems a great favourite with her teacher & Dr. Lieber.  She learns very fast.,"Yours truly & affectionately, B.F. Perry",BFPerry_Letter131.txt
657,25 March 1863,Glencoe,Mrs. Elizabeth Perry,B.F. Perry,BFPerry_Letter657.txt
127,,Mrs. Perry,"How happy I shall be to meet you & the children tomorrow.  But Court is now being called & I must stop.  Remember me to all.  Your affectionate husband, B.F. Perry",B.F. Perry,BFPerry_Letter127.txt
641,29 November 1862,[This letter is faded badly],"P.S. Governor Pickens will have spent $50,000 whilst Governor!  What think you of my being Governor.  Consider such expenditues.  It would utterly grieve me.  One of his Bills in Charleston was $8,000! At the Hotel!",B.F. Perry,BFPerry_Letter641.txt
655,19 March 1863,Glencoe,Mrs. Elizabeth Perry,B.F. Perry,BFPerry_Letter655.txt
133,,Greenville,Mrs. Elizabeth Perry,B.F. Perry,BFPerry_Letter133.txt
669,30 October 1863,Greenville,Mrs. Elizabeth Perry,,BFPerry_Letter669.txt
682,4 December 1864,Greenville,Mrs. Elizabeth Perry,B.F. Perry,BFPerry_Letter682.txt
61,2 December 1846,Charleston,Mrs. Elizabeth Perry,B.F. Perry,BFPerry_Letter61.txt
75,14 May 1847,Greenville,Mrs. Elizabeth Perry,B.F. Perry,BFPerry_Letter75.txt
696,,I shall come home Thursday.  That day is fastr day & the Legislature will not sit.  They adjourn Thursday week.  But I shall not come back.  The business will be pretty well through  by Fast day.,"Col. OHanlon has just left my room.  He came up today without having received my letter.  He is on the Jury of the Federal Court & will be here all the week.  Thursday the Court will not sit, being fast day, & the Col. will go down home & take Hext wtith him.  He will have to return Friday & leave hext there.  He may be on the Jury two weeks.  I believe he has someone of his House.  He spoke of Hext hunting with the boys in his absence.  I will enquire further about it.",,BFPerry_Letter696.txt
49,31 July [1846],Greenville,Mrs. Elizabeth Perry,B.F. Perry,BFPerry_Letter49.txt
443,2 December 1857,J.I. Middleton,B.F. Perry,B.F. Perry,BFPerry_Letter443.txt
325,11 March 1855,Charleston,Miss Anna Perry,B.F. Perry,BFPerry_Letter325.txt
331,3 May 1855,Charleston,Miss Anna Perry,"Yours &c., B.F. Perry",BFPerry_Letter331.txt
457,27 December 1857,Greenville,Mrs. Elizabeth Perry,,BFPerry_Letter457.txt
319,20 December 1854,Greenville,Mrs. Elizabeth Perry,B.F. Perry,BFPerry_Letter319.txt
480,2 May 1858,Annapolis,Frank Perry,B.F. Perry,BFPerry_Letter480.txt
494,20 June 1858,Annapolis,Frank Perry,B.F. Perry,BFPerry_Letter494.txt
537,10 July 1859,W.H. Perry,"Thehave just come in & I must close.  Yours &c., B.F. Perry","Yours &c., B.F. Perry",BFPerry_Letter537.txt
251,21 March 1853,Greenville,Mrs. Elizabeth Perry,B.F. Perry,BFPerry_Letter251.txt
245,11 March 1853,Greenville,Mrs. Elizabeth Perry,B.F. Perry,BFPerry_Letter245.txt
523,3 April 1859,Annapolis,Frank Perry,B.F. Perry,BFPerry_Letter523.txt
279,19 March 1854,Greenville,Mrs. Elizabeth Perry,B.F. Perry,BFPerry_Letter279.txt
292,11 October 1854,Greenville,Mrs. Elizabeth Perry,B.F. Perry,BFPerry_Letter292.txt
286,4 May 1854,Greenville,Miss Anna Perry,B.F. Perry,BFPerry_Letter286.txt
735,10 October 1866,"I am with great respect & esteem.  Yours truly &c., B.F. Perry",It would give me great pleasure to aid you in both your school & raffle if it were in my power to do so.,"Yours truly &c., B.F. Perry",BFPerry_Letter735.txt
721,8 December 1865,Greenville,Mrs. Elizabeth Perry,B.F. Perry,BFPerry_Letter721.txt
709,"Sunday morning, 29 October 1865",Greenville,Mrs. Elizabeth Perry,B.F. Perry,BFPerry_Letter709.txt
708,27 October 1865,Greenville,Mrs. Elizabeth Perry,B.F. Perry,BFPerry_Letter708.txt
720,6 December 1865,Greenville,Mrs. Elizabeth Perry,B.F. Perry,BFPerry_Letter720.txt
734,28 September 1866,"I have likewise been personally successful, at last, in my political aspirations.  In the course of twelve months I was district attorney, commissioner of Assessments & district Judge  under the Confederacy, Provisional Governor of the State under appointment of President Johnson & United States Senator by election of the Legislature of South Carolina.  It was said, by a friend, with great truth, that all of my honors came at once clustering around me.","The Legislature have adjourned after passing several important Bills.  Amongst them one to establish a Penitentiary.  This is the last great measure of mine adopted by the State.  It is very grattifying to me, to find, after thirty years advocacy on my part that all of my measures of reform have been adopted.  The election of Electors of Pres & Vice Pres by the people of South Carolina.  The destruction of the odious & unjust Parish system by which one voter in a Parish had as much influence in the Senate as two or three hundred voting in the upper districts!  The election of Governor by the people.   The equalization of taxation according to the value of property.  The abandonment of the right of secession.  And the perpetuation of the Federal Union.  The con of the South Carolina College into a University where young men can pursue such studies as they have a taste for & which will be of most service to them in after life.  The establishment of one court of appeals for law & Equity.  And a county or district court for the trial of misdemeanors & larceny & small civil suits.  All these measures I have advocated ever since I entered public life & at last they have been adopted by my state.  How much feeling some of them have cost me no one can conjecture.",,BFPerry_Letter734.txt
287,5 May 1854,Charleston,Mrs. Elizabeth Perry,B.F. Perry,BFPerry_Letter287.txt
293,18 October 1854,Greenville,Mrs. Elizabeth Perry,,BFPerry_Letter293.txt
278,5 February 1854,Greenville,Mrs. Elizabeth Perry,B.F. Perry,BFPerry_Letter278.txt
244,11 March 1853,Greenville,Mrs. Elizabeth Perry,B.F. Perry,BFPerry_Letter244.txt
522,19 March 1859,Annapolis,Frank Perry,B.F. Perry,BFPerry_Letter522.txt
536,11 June 1859,Annapolis,Frank Perry,B.F. Perry,BFPerry_Letter536.txt
250,20 March 1853,Greenville,Mrs. Elizabeth Perry,B.F. Perry,BFPerry_Letter250.txt
495,3 August 1858,Mrs. Elizabeth Perry,"I shall be glad to take a little holiday next week & make my escape from the court, leaving you in charge of the House & children.  Give my love to , Fanny & Annie & believe me your affectionate husband, B.F. Perry",B.F. Perry,BFPerry_Letter495.txt
481,2 May 1858,Greenville,Mrs. Elizabeth Perry,B.F. Perry,BFPerry_Letter481.txt
318,19 December 1854,Greenville,Mrs. Elizabeth Perry,B.F. Perry,BFPerry_Letter318.txt
330,3 May 1855,Greenville,Mrs. Elizabeth Perry,"Yours truly and affectionately, B.F. Perry",BFPerry_Letter330.txt
456,20 December 1857,"Washington, DC",Dr. John LeConte,B.F. Perry,BFPerry_Letter456.txt
442,1 December 1857,Greenville,Mrs. Elizabeth Perry,"Yours affectionately, B.F. Perry",BFPerry_Letter442.txt
324,9 March 1855,"Lafayette, Indiana",Mr. John Pettit,B.F. Perry,BFPerry_Letter324.txt
48,22 July 1846,Greenville,Mrs. Elizabeth Perry,B.F. Perry,BFPerry_Letter48.txt
74,13 May 1847,Mr. Webster has just been into the court of Appeals where I saw him sitting on the bench with the Judges & a great crowd in the court house to see him.,"I saw Judge Butlers little daughter at Col. Prestons.  She told me that she was looking for her Father to come after herthat she was well pleased with Columbia but liked Greenville much better.  She seems very grave & sedate, as much as her grandfather Hayne.",,BFPerry_Letter74.txt
697,,Greenville,Mrs. Elizabeth Perry,,BFPerry_Letter697.txt
683,6 December 1864,Greenville,Mrs. Elizabeth Perry,,BFPerry_Letter683.txt
60,29 November 1846,Charleston,Mrs. Elizabeth Perry,B.F. Perry,BFPerry_Letter60.txt
668,,Greenville,Mrs. Elizabeth Perry,B.F. Perry,BFPerry_Letter668.txt
654,7 March 1863,Glencoe,Mrs. Elizabeth Perry,B.F. Perry,BFPerry_Letter654.txt
132,,Greenville,Mrs. Elizabeth Perry,"Yours truly & affectionately, B.F. Perry",BFPerry_Letter132.txt
126,,Greenville,Mrs. Elizabeth Perry,"Yours truly & affectionately, B.F. Perry",BFPerry_Letter126.txt
640,25 November 1862],[This letter is faded badly],Greenville,B.F. Perry,BFPerry_Letter640.txt
678,19 July 1864,Glencoe,Mrs. Elizabeth Perry,B.F. Perry,BFPerry_Letter678.txt
644,4 December 1862,[This letter is faded badly],Greenville,B.F. Perry,BFPerry_Letter644.txt
122,,Greenville,Mrs. Elizabeth Perry,B.F. Perry,BFPerry_Letter122.txt
136,29 October 1849,Greenville,Mrs. Elizabeth Perry,"Yours truly &c., B.F. Perry",BFPerry_Letter136.txt
650,29 January 1863,Glencoe,Mrs. Elizabeth Perry,B.F. Perry,BFPerry_Letter650.txt
58,24 November 1846,"Care of Mr. Edmond Hayne, Charleston",Mrs. Elizabeth Perry,B.F. Perry,BFPerry_Letter58.txt
64,8 December 1846,Charleston,Mrs. Elizabeth Perry,"Yours truly & affectionately, B.F. Perry",BFPerry_Letter64.txt
687,9 December 1864,Greenville,Mrs. Elizabeth Perry,B.F. Perry,BFPerry_Letter687.txt
693,19 December 1864,Greenville,Mrs. Elizabeth Perry,B.F. Perry,BFPerry_Letter693.txt
70,9 March 1847,Greenville,Mrs. Elizabeth Perry,B.F. Perry,BFPerry_Letter70.txt
308,10 December 1854,Greenville,Mrs. Elizabeth Perry,B.F. Perry,BFPerry_Letter308.txt
320,26 December 1854,"I will write you again shortly.  Mrs. Perry unites with me in regards to you & Mr. Pettit.  Yours &c., B.F. Perry","I sincerely regret the loss of Mr. Pettit in the United States Senate.  My friend Judge Butler spoke in very high terms of him last Summer to me.  It would have given Mrs. Perry & myself great pleasure to have seen you and Mr. Pettit in Greenville.  I have ordered the Southern Patriot to be sent to you.  I scribble for it as Editor, but my Professional vocations as a lawyer are so arduous that I cannot pay the attention to it that I desire.","Yours &c., B.F. Perry",BFPerry_Letter320.txt
446,3 December 1857,"Burlington, N.J.",Anna Perry,B.F. Perry,BFPerry_Letter446.txt
452,15 December 1857,Greenville,Mrs. Elizabeth Perry,B.F. Perry,BFPerry_Letter452.txt
334,14 May 1855,"All of which is respectfully submitted.  B.F. Perry, Chairman","In relation to obtaining the necessary aid from the Legislature, for rebuilding the burnt wing of the College, your Committee would recommend that the matter to the view of the Legislature by His Excellency the President of the Board in his annual message.",B.F. Perry,BFPerry_Letter334.txt
485,6 May 1858,Greenville,Mrs. Elizabeth Perry,B.F. Perry,BFPerry_Letter485.txt
491,30 May 1858,Annapolis,Frank Perry,B.F. Perry,BFPerry_Letter491.txt
268,7 December 1853,Greenville,Mrs. Elizabeth Perry,B.F. Perry,BFPerry_Letter268.txt
254,23 March 1853,Greenville,Mrs. Elizabeth Perry,B.F. Perry,BFPerry_Letter254.txt
532,22 May 1859,Annapolis,Frank Perry,B.F. Perry,BFPerry_Letter532.txt
526,22 April 1859,[Charles Lanman],"I am with great respect yours &c., B.F. Perry",B.F. Perry,BFPerry_Letter526.txt
240,8 March 1853,Greenville,Mrs. Elizabeth Perry,,BFPerry_Letter240.txt
297,28 November 1854,Greenville,Mrs. Elizabeth Perry,B.F. Perry,BFPerry_Letter297.txt
283,2 May 1854,Greenville,Miss Anna Perry,,BFPerry_Letter283.txt
718,2 December 1865,Greenville,Mrs. Elizabeth Perry,B.F. Perry,BFPerry_Letter718.txt
730,9 August [1866],Greenville,Mrs. Elizabeth Perry,B.F. Perry,BFPerry_Letter730.txt
724,16 December 1865,Greenville,Mrs. Elizabeth Perry,B.F. Perry,BFPerry_Letter724.txt
725,17 December 1865,Greenville,Mrs. Elizabeth Perry,B.F. Perry,BFPerry_Letter725.txt
731,18 August 1866,Greenville,Mrs. Elizabeth Perry,B.F. Perry,BFPerry_Letter731.txt
719,5 December 1865,Greenville,Mrs. Elizabeth Perry,B.F. Perry,BFPerry_Letter719.txt
282,1 May 1854,Greenville,Miss Anna Perry,B.F. Perry,BFPerry_Letter282.txt
296,27 November 1854,Greenville,Mrs. Elizabeth Perry,B.F. Perry,BFPerry_Letter296.txt
527,24 April 1859,Annapolis,Frank Perry,B.F. Perry,BFPerry_Letter527.txt
241,9 March 1853,Greenville,Mrs. Elizabeth Perry,B.F. Perry,BFPerry_Letter241.txt
255,24 March 1853,Greenville,Mrs. Elizabeth Perry,B.F. Perry,BFPerry_Letter255.txt
533,29 May 1859,Annapolis,Frank Perry,B.F. Perry,BFPerry_Letter533.txt
269,8 December 1853,Greenville,Mrs. Elizabeth Perry,B.F. Perry,BFPerry_Letter269.txt
490,16 May 1858,Annapolis,Frank Perry,B.F. Perry,BFPerry_Letter490.txt
484,5 May 1858,Greenville,Mrs. Elizabeth Perry,B.F. Perry,BFPerry_Letter484.txt
453,16 December 1857,Greenville,Mrs. Elizabeth Perry,B.F. Perry,BFPerry_Letter453.txt
335,14 May 1855,Greenville,Mrs. Elizabeth Perry,B.F. Perry,BFPerry_Letter335.txt
321,3 January 1855,Greenville,Mrs. Elizabeth Perry,B.F. Perry,BFPerry_Letter321.txt
447,9 December 1857,Greenville,Mrs. Elizabeth Perry,,BFPerry_Letter447.txt
309,11 December 1854,Greenville,Mrs. Elizabeth Perry,Yours affectionately. B.F. Perry,BFPerry_Letter309.txt
692,18 December 1864,Greenville,Mrs. Elizabeth Perry,B.F. Perry,BFPerry_Letter692.txt
71,,Greenville,Mrs. Elizabeth Perry,"Yours truly & affectionately, B.F. Perry",BFPerry_Letter71.txt
65,9 December 1846,Charleston,Mrs. Elizabeth Perry,B.F. Perry,BFPerry_Letter65.txt
686,8 December 1864,Greenville,Mrs. Elizabeth Perry,B.F. Perry,BFPerry_Letter686.txt
59,26 November 1846,Charleston,Mrs. Elizabeth Perry,B.F. Perry,BFPerry_Letter59.txt
137,13 November 1849,Greenville,Mrs. Elizabeth Perry,B.F. Perry,BFPerry_Letter137.txt
651,16 February 1863,Glencoe,Mrs. Elizabeth Perry,B.F. Perry,BFPerry_Letter651.txt
645,5 December 1862,[This letter is faded badly],Greenville,B.F. Perry,BFPerry_Letter645.txt
123,,Greenville,Mrs. Elizabeth Perry,B.F. Perry,BFPerry_Letter123.txt
679,29 November 1864],Greenville,Mrs. Elizabeth Perry,B.F. Perry,BFPerry_Letter679.txt
109,17 July 1848],Greenville,Mrs. Elizabeth Perry,B.F. Perry,BFPerry_Letter109.txt
98,,Greenville,Mrs. Elizabeth Perry,B.F. Perry,BFPerry_Letter98.txt
653,26 February 1863,Glencoe,Mrs. Elizabeth Perry,B.F. Perry,BFPerry_Letter653.txt
135,24 October 1849,Greenville,Mrs. Elizabeth Perry,B.F. Perry,BFPerry_Letter135.txt
121,,Greenville,Mrs. Elizabeth Perry,"Yours truly &c., B.F. Perry",BFPerry_Letter121.txt
647,7 December 1862,[This letter is faded badly],Greenville,B.F. Perry,BFPerry_Letter647.txt
73,10 May 1847,Greenville,Mrs. Elizabeth Perry,B.F. Perry,BFPerry_Letter73.txt
690,14 December 1864,Greenville,Mrs. Elizabeth Perry,B.F. Perry,BFPerry_Letter690.txt
684,7 December 1864,Greenville,Mrs. Elizabeth Perry,B.F. Perry,BFPerry_Letter684.txt
67,,"I shall be at home Wednesday night.  We are all well.  Kiss the children for me.  Your affectionate husband., B.F. Perry",The governor says he will not make up his decision in Wells case for four or five weeks.,B.F. Perry,BFPerry_Letter67.txt
479,26 April 1858,Annapolis,W.H. Perry,B.F. Perry,BFPerry_Letter479.txt
337,29 November 1855,Greenville,Mrs. Elizabeth Perry,"Yours affectionately, B.F. Perry",BFPerry_Letter337.txt
451,14 December 1857,Greenville,Mrs. Elizabeth Perry,B.F. Perry,BFPerry_Letter451.txt
445,3 December 1857,Greenville,Mrs. Elizabeth Perry,B.F. Perry,BFPerry_Letter445.txt
323,2 February 1855,Charleston,Miss Anna Perry,B.F. Perry,BFPerry_Letter323.txt
492,5 June 1858,Annapolis,Frank Perry,B.F. Perry,BFPerry_Letter492.txt
486,7 May 1858,Greenville,Mrs. Elizabeth Perry,B.F. Perry,BFPerry_Letter486.txt
519,9 March 1859,Annapolis,Frank Perry,B.F. Perry,BFPerry_Letter519.txt
243,10 March 1853,Greenville,Mrs. Elizabeth Perry,B.F. Perry,BFPerry_Letter243.txt
525,17 April 1859,Annapolis,Frank Perry,B.F. Perry,BFPerry_Letter525.txt
531,15 May 1859,Annapolis,Frank Perry,B.F. Perry,BFPerry_Letter531.txt
257,26 March 1853,Greenville,Mrs. Elizabeth Perry,B.F. Perry,BFPerry_Letter257.txt
280,9 April 1854,Greenville,Mrs.  Elizabeth Perry,"Yours, B.F. Perry",BFPerry_Letter280.txt
294,26 November 1854,Greenville,Mrs. Elizabeth Perry,"Yours truly & affectionately, B.F. Perry",BFPerry_Letter294.txt
727,11 February 1866,Greenville,Mrs. Elizabeth Perry,B.F. Perry,BFPerry_Letter727.txt
733,10 September 1866,[Columbia],W.H. Perry,B.F. Perry,BFPerry_Letter733.txt
732,2 September 1866,"I am with great respect & consideration yours truly &c., B.F. Perry","Enclosed I send you a likeness of myself, which was taken the other day at the request of Senator Cowan of Pennsylvania for the purpose of having theCommittee of Thirteen on the address & Resolutions, Photographed in one picture.",B.F. Perry,BFPerry_Letter732.txt
726,,Greenville,Mrs. Elizabeth Perry,B.F. Perry,BFPerry_Letter726.txt
295,27 November 1854,Greenville,Mrs. Elizabeth Perry,B.F. Perry,BFPerry_Letter295.txt
281,12 April 1854,Greenville,Mrs. Elizabeth Perry,B.F. Perry,BFPerry_Letter281.txt
530,8 May 1859,Annapolis,Frank Perry,B.F. Perry,BFPerry_Letter530.txt
256,25 March 1853,Greenville,Mrs. Elizabeth Perry,B.F. Perry,BFPerry_Letter256.txt
242,10 March 1853,Greenville,Mrs. Elizabeth Perry,B.F. Perry,BFPerry_Letter242.txt
524,9 April 1859,Annapolis,Frank Perry,B.F. Perry,BFPerry_Letter524.txt
518,27 February 1859,Annapolis,Frank Perry,B.F. Perry,BFPerry_Letter518.txt
487,9 May 1858,Greenville,Mrs. Elizabeth Perry,B.F. Perry,BFPerry_Letter487.txt
493,13 June 1858,Annapolis,Frank Parry,B.F. Perry,BFPerry_Letter493.txt
444,2 December 1857,Greenville,Mrs. Elizabeth Perry,B.F. Perry,BFPerry_Letter444.txt
322,4 January 1855,Greenville,Mrs. Elizabeth Perry,B.F. Perry,BFPerry_Letter322.txt
336,25 November 1855,Greenville,Mrs. Elizabeth Perry,B.F. Perry,BFPerry_Letter336.txt
450,13 December 1857,Greenville,Mrs. Elizabeth Perry,B.F. Perry,BFPerry_Letter450.txt
478,25 April 1856,Annapolis,Frank Perry,B.F. Perry,BFPerry_Letter478.txt
685,8 December 1864,Greenville,Mrs. Elizabeth Perry,B.F. Perry,BFPerry_Letter685.txt
66,16 December 1846,Greenville,Mrs. Elizabeth Perry,"Yours truly, B.F, perry",BFPerry_Letter66.txt
72,23 March 1847,Greenville,Mrs. Elizabeth Perry,"Yours truly &c, B. F. Perry",BFPerry_Letter72.txt
691,15 December 1864,Greenville,Mrs. Elizabeth Perry,B.F. Perry,BFPerry_Letter691.txt
120,,Greenville,Mrs. Elizabeth Perry,B.F. Perry,BFPerry_Letter120.txt
646,7 December 1862,[This letter is faded badly],Greenville,B.F. Perry,BFPerry_Letter646.txt
652,23 February 1863,Glencoe,Mrs. Elizabeth Perry,B.F. Perry,BFPerry_Letter652.txt
134,23 October 1849,Greenville,Mrs. Elizabeth Perry,"Yours truly, B.F Perry",BFPerry_Letter134.txt
99,,Greenville,Mrs. Elizabeth Perry,B.F. Perry,BFPerry_Letter99.txt
108,2 July 1848,Greenville,Mrs. Elizabeth Perry,B.F. Perry,BFPerry_Letter108.txt
