Name,Small Model,Medium Model,Large Model
&,X,,X
& Anderson,,,X
& Anna,,,X
& Annas,X,,
& Betty Robinson,,,X
& Col,X,,
& Crayton,,,X
& Elford,,,X
& Franks,X,,
& Hammond,X,,
& Harriett,X,X,X
& Hayne,,,X
& Hext,,,X
& Janney,,,X
& Revd,,,X
& Siegling,,,X
& Sullivan,,,X
& Tulula,,,X
& Warren,X,,X
& Willie,,,X
& Willie Long,,,X
&c.,X,X,
138,X,,
2 Fergusons,,X,
7abroad,,X,
A. Allston,X,X,X
A. Burt,X,X,
A. Burt &,,,X
A.P. Hayne,X,X,X
A.W. Hanger,X,,X
A.],,X,
A[rthur,,X,
A[rthur] Hayne,X,,
Abbot,,X,X
Abbott,X,,X
Absalom Blythe,X,X,X
Academical,,,X
Academies,,X,
Ackers,,,X
Adair,,X,
Adam,X,X,X
Adam Jones,X,X,X
Adams,X,X,X
Adams &,,,X
Adams & Emma Waters,,X,
Adams Run,X,X,X
Adams with Coil,,X,
"Adams, Col",,,X
Adieu,X,X,
Adley Hogan,,X,
Adley Hogan],X,,X
After,,X,
Aiken,X,X,X
Aikens,,X,X
Aikens Reg,X,X,X
Akins,X,X,X
Al,X,X,X
Al[l]ston,X,X,X
Al]l]ston,X,X,X
Albert Micajah,X,X,X
Albert Micajah] Ship[p]s,,,X
Albert Rhett,X,X,X
Albert Rhetts,X,X,X
Aldrich,X,X,X
Aldridge,X,X,X
Aleck,X,X,X
Alex McBee,X,X,X
Alex Robertson,X,X,X
Alex Taylor,X,X,X
Alexander,X,X,X
Alexander Beaufort,,X,X
Alexander Dromgoole] Sims of Darlington,X,,X
Alexander McBee,X,X,X
Alexander Taylor,X,X,X
Alexander Taylor &,,,X
Alexander] Barrow,,,X
Alexander] Evins,X,,X
Alexander] McBee,,,X
Alexandria,X,X,
Alfred,X,X,X
Alfred Huger,X,X,X
Alfreds,,,X
Alice Roberts,X,X,X
Allan,X,,X
Allard Belin,,X,
Allard Belin] Flagg,X,,X
Alleier Barrett,X,X,
Allen,X,X,X
Allen Merrits,X,X,X
Allen] McFarlan[d] &,,,X
Allens,X,X,X
Allston,X,X,X
Allston Hayne,,X,X
Alston,X,X,X
Alston Hayne,X,X,X
Alston Haynes,,X,X
Alston Kayne,X,X,X
Ames,,X,X
Amy Herbert,,X,
Ancrum,,X,X
Anderdanck,X,,X
Anderson,X,X,X
Anderson & Neeley,X,,
Anderson C,X,,
Anderson C. House,X,,
Anderson C.H.,X,X,X
Anderson Court,X,,
Andersons,X,X,X
Andrew B.],,X,
Andrew B.] Crook,X,,X
Andrew Gordon],,,X
Andrew Gordon] Magrath,X,,
Andrew P. Butler,X,X,X
Andrew P.],,,X
Andrew P.] Butler,X,X,
Andrew Pickens,X,X,X
Andrew Pickens],,,X
Andrew Pickens] Butler,X,,
Andy,X,X,X
Andy Johnson,X,X,X
Ann,X,X,X
Anna,X,X,X
Anna &,X,,X
Anna & Fanny,,,X
Anna & Janneys,,X,X
Anna & Mary Mauldin,,X,X
Anna & Willie,,X,X
Anna Green,X,X,X
Anna Hayne,X,X,X
Anna Mos,X,X,X
Anna Perry,X,X,X
Anna Trezevants,X,X,X
Anna William &,,,X
Anna inher,,X,
Anna recd,X,,
Anna tonight,,,X
Annahat,,X,X
Annapolis,X,,
Annas,X,X,X
Annas Letter,,X,
Anne,X,X,X
Anne Williams,X,X,X
Anne Williams &,,,X
Annie,X,X,X
Annie McBee,X,,X
Antwerp,X,X,X
Archey,,,X
Armistead,,,X
Armistead Burt,X,X,X
Arnold,X,X,X
Arnolds,,,X
Arthur,X,X,X
Arthur Hayne,X,X,X
Arthur P. Hayne,X,X,X
Arthur Simpkins,X,X,X
Arthurs,X,X,X
Arthurs Rail Road,X,X,X
Arthus,X,X,X
Asa Hodges,X,X,X
Ashe,X,X,X
Ashmore,,X,X
Atty,X,,X
Augustus Hoke,X,X,X
Augustus Townes,X,X,X
Augustus Townes Bride,X,X,
Aunt,,,X
Aunt Annie,X,X,X
Aunt Brewtons,,,X
Aunt Hayne,X,X,X
Aunt Susan,X,X,X
Aunt Susy,,X,X
Aunts,,,X
Austen,X,X,X
Austin,X,X,X
Austins,,X,X
Av,,X,
Away,X,,
B,,X,
"B,\.F. Perry",,X,
B.,X,X,X
B. Carrol,X,X,X
B. F. Perry,X,X,X
B. Perry,,X,
B.F,,,X
B.F Perry,X,X,
B.F.,,,X
B.F.  Perry,X,X,X
B.F. Heard,X,X,
B.F. Hunt,X,X,X
B.F. Mauldins,,X,X
B.F. Perry,X,X,X
B.J. Perry,X,X,X
B.T. Perry,X,X,X
B[word,X,,
Babcock,X,X,X
Bacon,X,X,X
Bad,X,,
Bail Writ,,X,
Bail[e]y,X,X,X
Bailey,X,X,X
Bailor,X,X,X
Baker,X,X,X
Ball,X,,X
Ballard,X,X,X
Baltimore,,,X
Bancroft,X,X,
Banks,X,X,
Barclay,X,X,X
Barkeeper,,,X
Barksdale,X,X,X
Barksdales,X,X,X
Barn,X,,
Barnard] Bee,,,X
Barnes,X,X,X
Barnett,X,X,X
Barnett Cleveland,,,X
Barnetts,X,X,
Barnwell,X,X,X
Barnwell Duncan,X,X,X
Barnwell Rhett,X,X,X
Barrel,X,,
Barret,X,X,X
Barrett,X,X,X
Barretts,,X,
Barrow,X,X,X
Bartell,X,X,X
Barton,X,X,X
Bartons,,X,X
Bartows,X,X,
Bates,X,X,X
Batten,,,X
Battery,,,X
Battle,X,X,X
Baxter,X,X,X
Baylis,,X,X
Baylis Crayton,X,X,X
Beadon,X,X,X
Beadons,X,X,X
Beale,,X,X
Beard,X,X,X
Beattie,X,X,X
Beattie Annas,X,X,X
Beatties,,X,
Beatty,X,X,X
Beaufort Watts,X,,
Beauregard,X,X,X
Beauregardsome,X,X,X
Becky,X,X,X
Becky Sharp,X,X,X
Bee,X,,X
Behethland Butler,,X,X
Behre,X,X,
Bell,X,X,X
Bells,,X,X
Belton,X,X,
Ben,X,X,X
Ben & Jack,X,X,
Ben Goodlettsnone,X,X,X
Ben McCulloch,X,X,X
Ben McDaniel,X,X,X
Ben Perry,X,X,X
Ben Yancey,X,X,X
Ben Yancey &,,,X
Ben Yanceys,X,X,X
Benajah] Dunham,,,X
Bench,,X,X
Benedict,X,X,
Benedict Arnold,X,X,X
Benjamin D.,,X,
Benjamin D.],,,X
Benjamin D.] Naebors,X,,
Benjamin F. Perry,X,X,X
"Benjamin F. Perry, Jr.",,X,X
Benjamin Faneuil,X,X,
Benjamin Faneuil] Dunkin & David Johnson,,,X
Benjamin Faneuil] Hunt &,,,X
Benjamin Franklin Perry,X,X,X
Benjamin Henry],,,X
Benjamin Henry] Willson,X,X,
Benjamin Perry,X,X,X
Bennet,,,X
Benson,X,X,X
Benson J. Lossing,X,,
Benson J. Lossing Esq,,X,X
Bensons,X,X,X
Benton,X,X,X
"Berry, Col. Brockman",,,X
Bess,,X,X
Betty Robinson,X,X,X
Bevil Faulcon,,,X
Bill,X,X,X
Bill Arps,X,X,X
Bill Beattie,X,X,X
Bill Fisher,X,X,X
Bill Fisher &,X,,X
Bill Jones,X,X,X
Bill Thompson,X,X,X
Billy Sherrord,X,X,X
Biography,,X,X
Birdsall,X,X,X
Birnie,X,X,X
Bishop Davis,X,X,X
Bishop Doane,X,X,X
Bishop Doone,,X,X
Bishop Elliott,X,X,
Bivings,X,X,X
Blackberry,X,,
Blad,,X,
Blake,X,X,X
Blakes Report,,X,X
Blanding,X,X,X
Blands Ford,X,,X
Blassingame,X,X,X
Blounts,X,,X
Blythe,,X,X
Boats,X,X,X
Boatwright,X,X,X
Bob,X,X,X
Bob M,X,X,X
Bob Spurgeon,X,X,X
Bobo,X,X,X
Bobo & Col,X,,X
Boggs,X,X,X
Boinest,X,X,X
Boinestads Dicky,,,X
Boles,X,X,X
Bolling,X,X,X
Bollings,X,X,X
Bonham,X,X,X
Bonham & Col,,X,
Bonham Solicitor,X,X,
Bonnett,X,X,X
Bookman,X,X,X
Boot,,X,
Boozer,X,X,
Bossett,X,X,X
Bostick,X,X,X
Bostick &,,,X
Bout,,,X
Bowen,X,X,X
Bowers,,X,X
Box,X,,
Boyce,X,X,X
Boykin,,X,X
Boyles Crayton,,,X
Boylston,X,X,X
Bozeman,X,,
Brackenridge,X,X,X
Bradford,X,X,X
Bradl[e]y,X,X,X
Bradl[e]ys,X,,
Bradley,,,X
Bradleys,X,X,X
Bradly,X,X,X
Bradshaw,X,X,X
Brady,X,X,X
Braeh,,X,X
Bragg,,X,X
Braggs,X,,X
Bramlett,X,X,X
Branchville,X,X,X
Brandy,X,,
Brandy Station,X,,
Brazile,,,X
Bread,X,,
Breechees,,X,X
Brenan,X,X,X
Brenner,,,X
Bridge,X,,
Briggs,X,X,X
Broach,X,,X
Broadcast,X,,
Broadmouth,X,X,X
Brockman,,X,X
Brockmans,,X,
Brooks,X,X,X
Brooks Governor,,X,
Brown,X,X,X
Browns,X,X,X
Broyles,X,X,X
Bruce,X,X,X
Brumby,X,X,X
Bryan,X,X,X
Bryant,X,X,X
Bryants,,X,X
Bryants Bill,X,X,X
Bryce,X,X,X
Bryer,,X,
Bryers,,,X
Bs John,X,X,X
Bton,X,X,X
Buena Vista,X,,
Bugle,,X,
Buist,X,X,X
Bull,X,X,X
Bullen,X,X,X
Buncombe,X,X,X
Bundle,X,,
Burgess,X,X,X
Burlington,X,X,
Burnside,,X,X
Bursar,X,X,X
Bursary,,X,
Burser,X,X,
Burt,X,X,X
Burt &,,,X
Burt Perry,X,X,X
Burt and Col,,,X
Burton,X,X,X
Burts,X,,
Burtspent,X,X,X
Bust,,,X
Butin,X,X,X
Butler,X,X,X
Butler Thompson,X,X,X
Butler Thompsons,,X,X
Butlerperhaps,,X,
Butlers,X,,X
Butter,X,,
C,X,X,
C & Pamela,,X,
C Butler,X,X,X
C.G.],,,X
C.H.,,,X
C.J. Elford,X,,X
Cadiz,X,,
Caesoria,X,X,X
Cain,X,X,X
Caines,X,X,X
Cains,,,X
Calderon,,,X
Caldwell,X,X,X
Caldwells,X,X,X
Caleb],,,X
Caleem,,,X
Calhoun,X,X,X
Calhoun & Burt,,,X
Calhouns,X,X,X
Calvin,X,X,X
Cambridge,X,X,
Campbell,X,X,X
Campbells,,,X
Cane,,,X
Canty,X,X,X
Capt,,X,X
Captain Cunninghams,,,X
Care,,X,X
Carlile,,X,X
Carlisle,X,X,X
Carlisles,X,X,X
Carlyle,X,X,X
Carn,X,X,X
Carn of Walterborough,X,,
"Carn,[John A.] Inglis & Legare",X,,
Carpetbag,,,X
Carrol,X,X,X
Carroll,,X,X
Carrolls Bacon,,X,
Carruth,,X,X
Carruths,,X,
Carry,X,,
Carson,X,X,X
Carsons,,X,X
Carter,X,X,X
Carter & Allen,X,,X
Carter Pool,X,X,
Carters Book,X,X,X
Casey,X,X,X
Cass,X,X,X
Cely,,X,X
Celys,,,X
Center,X,X,X
Chalmers,X,X,X
Chancelor,,,X
Chapel,,X,X
Chapman,,X,X
Charles,X,X,X
Charles & Reuben,,X,
Charles Alexander] Thornwell,,,X
Charles Hammond,X,X,X
Charles Henry,,X,
Charles Henry] Simonton,X,,X
Charles Hill,X,X,X
Charles Lanman,X,X,X
Charles Magill,,X,
Charles Magill],,,X
Charles Magill] Conrad,X,,
Charles Sullivan,X,X,X
Charles character,,X,
Charles] Venable,,,X
Charleston,,X,
Charley,X,X,X
Charley Janney,,,X
Charley Janney &,,,X
Charley Ketchum,X,X,X
Charley Lanneau,X,X,X
Charley ONeal,X,,X
Charlie,X,X,X
Charlotte Smith,X,X,X
Che Smith,X,X,X
Cherokees,,X,
Cherry,X,,X
Chesney Smith,X,X,X
Chesnut,X,X,X
Chester,X,,
Chester C.H.,X,X,X
Cheves,X,X,X
Chick,X,X,X
Childs,X,X,X
Choice,X,X,X
Christopher G.,,X,
Christopher G.],,,X
Christopher G.] Memminger,X,X,X
Christopher G.] Memmingers,X,,
Christopher William,X,X,
Christopher William],,,X
Christopher William] Dudl[e]y,,,X
Christopher William] Dudley,X,,X
Chronicle,,,X
Church,X,X,X
Citadel,X,X,
Clara,X,X,X
Clardy,,X,X
Clark,X,X,X
Clark Mills,X,,X
Clark Perrys,X,X,X
Clary Benson,X,X,X
Clay,X,X,X
Cleburne,,X,
Clements,X,X,X
Cleopatra,X,X,X
Clerk,X,X,X
Clerk of the,,,X
Clerk of the House,,,X
Cleveland,X,X,X
Clevelands,X,X,X
Cline,,X,X
Clingman,X,X,X
Cloaks,X,,
Clossett,X,,
Cnarlotte,,,X
Cobb,X,X,X
Coil,,X,
Col,X,X,X
Col Dawkins,X,X,X
Col Fair,,X,
Col Irby,X,X,X
Col John T. Sloan,,X,X
Col Keitt,X,X,X
Col Orr,X,X,X
Col Pickens,X,X,X
Col Preston,,X,X
Col Taylor,X,X,X
Col Townes,,X,X
Col Ware,X,X,X
Col Wares,X,X,X
Colcock,X,X,X
Coleman,X,X,X
Colin,,X,X
Colin M.] Ingersoll,X,X,X
Coll Wares,X,,
Colleague,X,,
Colleton,,,X
Collin,,X,X
Collin Ferguson,X,X,X
Collins,X,X,X
Cols,,X,X
Columbia,X,X,
Columbia S.C.,X,,
Columbias,X,X,
Commencement,,X,
Commencement Ball,X,X,X
Commodore,,X,
Commodore McCall,,X,
Commodore Perry,,X,
Commodore Rodgers,,X,
Commodore Shubrick,,X,
Conbreliry,X,X,X
Concert,X,,
Congaree,,,X
Conner,X,X,X
Conners,X,X,X
Connor,,X,X
Conrad,X,X,
Conrad of,,,X
Consult,X,,
Conventionsaw,,X,X
Cook,X,X,X
Cooks,X,X,X
Cooley,X,X,X
Cooper,X,X,X
Coosawhatchie,X,,
Corbin,X,,X
Corn,,,X
Cornelia Crittenden,X,X,X
Cornelia Thompson,X,X,X
Corpse,X,X,X
Corwin,X,X,X
Cotton,X,X,
Count Chais,X,X,X
Cousins Annie,X,X,
Cowan,X,X,X
Cowles,,,X
Cox,X,X,X
Coxs,X,X,X
Craft,,,X
Crawford,X,X,X
Crawfords,X,X,X
Crayton,X,X,X
Craytons,X,X,X
Cripps,X,X,X
Crittenden,X,X,X
Crittendens,X,X,X
Croft,X,X,X
Crofts,X,X,X
Crofts give[n,,X,
Cronston,X,X,X
Crook,X,X,X
"Crook, Col",,,X
Crooks,X,X,
Culpepper,X,X,X
Culpepper C.H.,,,X
Cunningham,X,X,X
Cunningham & Pamela,,X,
Cunninghams,X,X,X
Cunninghamsso,X,X,X
Cureton,,X,X
Cuttino,X,X,X
Cyclopedia,,,X
D Thornwell,,,X
D. Goodlett,,X,
D. Hoke,,X,
D. L. Fair,X,X,X
D. Williams,X,X,X
DL Fair,,X,X
Dangol,X,X,X
Daniel,X,X,X
Daniel Elliott,,X,
Daniel Elliott],,,X
Daniel Elliott] Huger,X,,X
Daniel Elliott] Huger & Barnwell Rhett & Col,X,,X
Daniels,X,X,X
Dantzeller,X,X,X
Dantzellers,X,X,X
Dantzler,X,X,X
Danville,X,,
Darby,X,,
Dargan,X,X,X
Dargan 1,,X,X
Daughter,,,X
David J. McCords,X,X,X
David Johnson,X,X,
David Lowry],X,,
David Lowry] Swain,,,X
Davie,,X,X
Davieyour,,,X
Davis,X,X,X
Dawkins,X,X,X
Dawkins & Mullins,,X,
DawkinsBonham,X,X,X
Dawson,X,X,X
Day,X,X,X
DeLorme,X,,X
DeSaussuere,,X,
DeSaussure,X,X,X
DeSaussures,X,X,X
DeTreville,X,X,
Dean,X,X,X
Deans,X,X,X
Dear Beattie,,X,
Dear Mamma,,X,X
Dear Papa,,X,X
Decatur,X,,X
Dehad,,X,
Delia,,X,X
Denison Post,,X,
Depot,,X,
Devote,,,X
Dexter W. Wells,X,X,X
Dicey Langston,X,X,X
Dick Jacobs,X,X,X
Dickey,X,X,X
Dickinson,X,X,X
Dickson,X,X,X
Dicky,X,X,X
Dillard,X,X,X
Dillon,,,X
Dinkins,X,X,X
Direct,X,,X
Dix,X,X,
Dixon,,,X
Dockett,X,,X
Donalds,,X,X
Donalds Wallace Ioor,,X,
Dorothea] Dix,,,X
Doty,X,,X
Dougherty,X,X,X
Douglas,X,X,X
Douglass,X,X,X
Douthits,X,X,X
Dow,,,X
Doyley,X,X,X
Dr,,X,X
Dr. Goodwyn,,,X
Dr. Zimmerman,X,,
Drayton,X,X,X
Drs,X,X,X
Dubac,X,X,X
Duboses,X,X,X
Dudaes,X,X,X
Dudley,X,X,X
Duncan,X,X,X
Duncan Brooks,X,X,X
Duncanscase,X,X,
Dunham,X,X,X
Dunhams,X,X,X
Dunkin,X,X,X
Dunkins,X,X,X
Dunlap,X,X,X
Dur,,X,
Durbecs,,,X
Dyer,X,X,X
Dyer &,,,X
Dyer & George Wells,X,,
Dyers,X,X,X
Dyson,X,X,
E,X,,X
E. Barnwell,,,X
E.D. Earle,X,X,
E.P. Jones,,X,
Earl] Van Dorn,,,X
Earle,X,X,X
Earle &,,,X
Earles,X,X,X
Earles Battery,X,X,X
Easl[e]y,,X,X
Easley,X,X,X
Easleys,X,X,X
Easly,X,X,X
Easton,X,X,X
Ed Rowland,X,X,X
Ed Stokes,X,X,X
Edgefield,X,,
EdgefieldRobert Dav,X,,
Editor,X,X,
Editorial,X,,
Edmond Hayne,X,X,X
Edmund Rhett,X,X,X
Edward,X,X,X
Edward B,,,X
Edward Bishop,X,,X
Edward Buist,X,X,X
Edward Croft Theodores,,X,X
Edward Earle,X,X,X
Edward Hayne,X,X,X
Edward Jones,X,X,X
Edward Rhett,X,X,X
Edward Stokes,X,X,X
Edward] Frost,X,,X
Edward] Sill,,,X
Edwards,X,X,X
Edwin P. Jones,X,X,X
Edwin] Ware,,,X
Efford,X,X,X
Electoral,,,X
Elford,X,X,X
Elford Thompson,X,X,X
Elfords,X,X,X
Elgins,X,X,X
Elias,,X,
Elias Chumpton,,X,
Elias Chumpton] Leitner,X,,X
Elias D. Earles,X,X,X
Elias Earle,X,X,X
Elias Earles,,X,X
Elias Lynch,,,X
Elias Roberts,X,X,X
EliasEarle,X,X,X
Elias] Earle,,,X
Eliassorry,,X,X
Eliza,,,X
Eliza Hayne,X,X,X
Eliza Haynes,,,X
Eliza Irby,X,,X
Eliza Jones,,,X
Eliza R. Laurens,X,X,X
Elizabeth,X,,
Elizabeth McCall,X,X,X
Elizabeth Perry,X,X,X
Elizabeth Town,X,X,
Elizabeth perry,,X,X
Elizabethg Perry,X,X,X
Elizabetrh Perry,X,X,X
Elizas,,X,X
Ellen Janney,X,X,X
Ellerbe B.] Cash,X,,X
Ellet,X,X,X
Ellets,,X,
Elliott,X,X,X
Elliott Keith,X,X,X
Elliotts,,X,X
Elmore,X,X,X
Eloise Butler,,X,
Elvin Knotts,X,X,X
Emily,,X,X
Emily Earle,X,X,X
Emily Hayne,X,X,X
Emma,X,X,X
Emma Julia Blum,X,X,X
Empress,,X,X
Enclosed,,,X
Enemy,X,,
Enfield Rifles,,X,
Englandwild,X,,X
Ennoree,,X,X
Envelope,,,X
Envelopes,X,,
Episcopal,X,X,X
Erected,X,X,X
Erwin,X,X,X
Erwin Jones,,X,X
Erwin Patton,X,X,
Erwin Patton],,,X
Esquire Brown,X,X,X
Esquire Cox,X,X,X
Esquire Griffith,X,X,X
Esquire James Cunninghams &,,X,
Esquire Long,,X,
Esquire Sutherlin,,X,
Evans,X,X,X
Evans & Col,,X,
Evans telegraphed Grady,,X,
Everett,X,X,X
F,X,X,X
F Robe,X,,X
F today,X,,X
F.,X,X,X
F. Burt,X,X,X
F. Croft,X,X,X
F. McCaw,,X,X
F. P. Reed,X,X,X
F. Perry,,X,X
F. Wardlaw,X,X,X
F.J. Moses,X,X,X
F.W. Pickens,X,,X
Faculty,X,,
Fainny,X,,
Fair,X,X,X
Fairs,X,X,X
Fannie,,X,X
Fannie Beattie,X,X,X
Fannie Irvine,X,,
Fannie Perry,,X,X
Fannies,,,X
Fanny,X,X,X
Fanny Kemble,X,,X
Farley,X,X,X
Farms,X,,
Farrow,X,X,X
Faulks,,,X
Feaster,,X,X
Felder,X,X,X
Felix Rodgers,X,X,X
Female,X,,
Ferguson,X,X,X
Fergusons,,X,X
Ferguspn,X,X,X
Fields,X,X,X
Figlettes,,,X
Fillmore,X,X,X
Filson,X,X,X
Finl[e]y,,X,X
Fisher,,X,X
Fishers,X,X,X
Fitzhugh] McMaster,,,X
Flad,,X,X
Flemings,X,X,X
Flora,X,X,X
Flora Jones,X,X,X
Folger,,,X
Folgerheard,X,X,X
Ford,X,X,X
Foster,X,X,X
Foster Goodell,X,X,
Foster Perry,X,X,X
Fosters,X,,
Fowlers,,,X
Fox,X,,
Fr,,X,
Frances,,X,X
Frances Hayne,X,X,X
Francis,X,X,X
Francis Burt Esq,X,X,X
Francis Hugh] Wardlaw,X,,X
Francis R.],,,X
Francis R.] Lubbock,X,,
Francis W.] Pickens,X,X,X
Francis Wellman,,X,
Francis Wellman] Fickling,X,,X
Francis Wilkinson,,X,
Francis Wilkinson] Pickens,X,,X
Frank,X,X,X
Frank $,,,X
Frank Burt,X,X,X
Frank Cox,X,X,X
Frank Cox & Tench Cox,X,,
Frank Coxe,X,X,X
Frank Fisher,X,X,X
Frank Kayne,X,X,X
Frank Key,X,X,X
Frank McBee,X,X,X
Frank Parry,X,X,X
Frank Perry,X,X,X
Frank Pickens,X,X,X
Frank Porcher,X,X,X
Frank a Harmonica,X,X,
Frankand,,X,
Franklin,,,X
Franklin Harper] Elmore,X,X,X
Franklin J.],,,X
Franklin J.] Moses,X,X,
Franks,X,,X
Fre,X,X,X
Fred,,X,X
Frederick Nance,X,X,X
Frederick Newton,X,X,
Frederick Newton],,,X
Frederick Rutledgethen,X,X,X
Frederick William,,X,
Frederick William] Davie & Reed,X,,X
Fredertick Gustavus] Behre,X,X,X
Freeman,X,X,X
Freemont,X,X,X
Fremont,X,X,X
Frost,X,X,X
Frosts,X,,X
Frosts son,X,,
Fulk,X,X,X
Fulks,,,X
Fuller,X,X,X
Furman,X,X,X
Furmans,X,X,X
G,X,X,X
G.,X,,X
G.  Your,,X,
G. Allen] Huggins,X,,X
G.M. Thompson,X,X,X
G.M. Thorp,X,X,X
Gadberry,X,X,X
Gadsden,X,X,
Gadsden King,X,X,
Gaillard,X,X,X
Gaillard & Moore,X,,
Gallery,,,X
Gannts,,,X
Gantt,X,X,X
Gantts,X,X,X
Gardiner,X,X,X
Gardiners,X,X,X
Gardner,X,X,X
Garland,X,X,X
Garlington,X,X,X
Garlington & Capt,,,X
Garlingtons,X,X,X
Garrison,X,X,X
Garvin,X,X,X
Garvins,X,X,X
Gary,X,X,X
Geddes,,X,
Geddings,X,X,X
Geddings Bill,X,,X
Gelncoe,X,X,X
Genl Adams,X,X,X
Genl Butler,X,X,
Genl Lee,X,X,
George,X,X,X
George A.],X,,X
George A.] Gardiner,X,,
George A.] Trenholm,,,X
George Alfred,,X,
George Alfred],X,,X
George Bryant,X,X,X
George Butler,X,X,X
George Croft,X,X,X
George D. Tillman,,X,X
George F.],,X,
George F.] Townes,X,,X
George Franklin],,,X
George Franklin] Townes,X,,
George Gordon] Meade,X,,X
George H.] Pendleton,X,X,X
George Town,X,X,X
George Washington,,X,
George Washington],,,X
George Washington] Dargan,X,,
George Wells,X,X,X
George Wells &,X,,
George Wells & Ds,X,X,
George.,X,,
George] Gliddon,X,,X
George] McDuffie,X,,X
Georgia Sperman,X,X,
Gerard,,,X
Get Lester,,,X
Gettysburgh,,,X
Gibbes,X,X,X
Gibbon,X,X,X
Gibbs,X,X,X
Gibson,X,X,X
Gift,X,,
Gilchrist,,X,
Gill,X,X,X
Gill Watson,X,X,X
Gillison,X,X,X
Gilmore,X,X,X
Gilmore Simms,X,X,X
Gilmore Simms &,X,,X
Gilreath,X,X,X
Gilreathes,X,X,X
Gilreaths,X,,X
Gist,X,X,X
Gladden,X,X,X
Gladden the Bursar,X,,
Glencoe,X,X,
Gliddon,X,X,X
Glover,X,X,X
"Glover, Col",,,X
God,X,X,
Golding,X,X,X
Goldsmith,X,X,X
Goodlett,X,X,X
Goodletts,X,X,X
Goodnight,X,,
Goodw[y]n,,X,
Goodwin,X,X,X
Goodwyn,X,X,X
Gordon Pool,X,X,X
Gourdin,X,X,X
Gourdine,,,X
Governor Doty,,,X
Governor Manning,,X,
Governors,X,,
Governorship,,,X
Governorten,,X,
Gowen,X,X,X
Gowens,X,,
Gower,X,X,X
Gr,,X,X
Graanville,,X,
Grady,X,X,X
Gradys,,,X
Graham,X,X,X
Grahamville,X,X,X
Grandchildren,X,,
Grandma,X,X,X
Grant,X,X,X
Grayson,X,X,X
Grecian Temple,X,,
Green,X,X,X
Greene,X,X,X
Greenes,X,X,
Greenfield,X,X,X
Greenille,X,X,X
Greens,X,X,X
Greenvile,X,X,
Greenville,X,X,X
Greenville C.H.,X,,
Greenville Court,X,,
Greenville Dist,X,,
Greenvillein,,X,X
Greenvillethat,,,X
Greenvilleto Asheville,X,,
Greenwood,X,X,
Gregg,X,X,X
Greggs Regiment,X,,
Gregson,,,X
Gridley,X,X,X
Griffin,X,X,X
Griffin Williams,,X,X
Griffins,X,,
Grimball,X,X,X
Grisham,X,X,X
Gue,X,X,X
Guignards,X,X,X
Gus Hoke,X,X,X
H,X,X,X
H. Judge Moore,,,X
H. Thurston,X,X,X
H. White,X,X,
Ha,X,,
Hagood,X,,X
Hagoods,,X,X
Hallie C.,,X,X
Hallie C.  Your,X,,
Hamburgh,,X,
Hamilton,X,X,X
Hamiltons,,X,X
Hamlin,X,,X
Hamlin Beattie,X,X,X
Hamlin Beatty,X,X,X
Hammerscolds,X,,
Hammett,X,X,X
Hammond,X,X,X
Hammond &c.,X,,
Hammonds,X,X,X
Hampton,X,X,X
Hampton Jr.,,X,
Hamptons,,X,
Hamptons House,,X,
Hancock,,X,
Happen,X,,
Hardin,,,X
Harlans,,,X
Harleston Read,X,,
Harman,X,,X
Harper,X,X,X
Harper at Col,,,X
Harpers,X,X,X
Harpers Ferry,X,,
Harralson,X,X,X
Harriet Perry,X,X,X
Harriet Thurston,X,X,X
Harriet Walker,,X,X
Harris,X,X,X
Harrison,X,X,X
Harrison Jr,X,X,X
Harrisons,X,X,X
Harry,X,X,X
Harry] Hammond,X,X,X
Hart,,,X
Harvard College,X,,
Hasan,X,,X
Hasan [Hamlin] Beattie,,X,
Haskell,,,X
Hasle,X,X,X
Hastie,X,,X
Hattie C,,X,
Hawkins,X,X,X
Hawthorn,X,X,X
Hayne,X,X,X
Hayne Col,X,X,X
Hayne Perry,X,X,X
Hayne Wells,X,X,X
Hayne rece[ive]d,,X,
Haynes,X,X,X
Haynesworth,,X,X
Haynsworth,X,X,X
Headen,X,X,X
Headeys,,,X
Headquarters,X,,
Heath,,X,
Heiseys,,X,X
Heit,X,X,
Helen,,X,X
Helen Harrington,X,X,X
Henderson,X,X,X
Hendersons,,X,
Henry,X,X,X
Henry &,X,,X
Henry Buist,X,X,X
Henry Cauble,X,X,X
Henry Clinton,X,,
Henry Clinton] Young,,,X
Henry D. Doyley,X,,X
Henry Deas,,X,
Henry Deas],,,X
Henry Deas] Lesesne,X,,
Henry Gaines,,X,
Henry Gaines] Johnsons,,,X
Henry Heyward,X,X,X
Henry L. Pinckney,X,X,X
Henry Pinckney,,X,
Henry Pinckney],X,,
Henry Pinckney] Hammett,,,X
Henry Pinckney] Hammett  &,X,,X
Henry T. Thompsons,X,X,X
Henry Thompson,X,X,X
Henry Thurston,X,,X
Henry William,,X,
Henry William],,,X
Henry William] Garlington,X,,
"Henry, Col",,,X
Henry] Sparnick,X,,X
Henry] Wilson,,,X
Henrys,,X,X
Heowns,,X,
Herald,X,,
Herbemont,X,X,X
Heretofore,X,,
Herndon,X,X,X
Herrick,X,X,
Hew,,,X
Hext,X,X,X
Hext Col,,,X
Hext McCall,X,,
Hext McColl,,X,
Hexts,,X,
Heyward,X,X,X
Heyward the other day,,,X
Heywards,X,X,X
Hicks,X,X,X
Higgins,X,X,X
Hill,X,X,X
Hillhouse,X,X,X
Hillhouses,,X,X
Hiram,,,X
Hitt,,,X
Hobby,X,X,X
Hockey,,X,
Hodges,X,X,X
Hoke,X,X,X
Holbeck,X,X,X
Hole,X,,X
Holl,X,X,X
Holland,X,X,X
Holmes,,X,X
Holmes Gardners,,X,
Holsters,,,X
Home,X,,
Homer,X,,
Homes,X,,
Hon,,,X
Honea Path,X,,X
Hood,X,,X
Hooks,X,X,
Hooper,,,X
Hopkins Williams,X,X,X
Horace,,,X
Horatio] Seymour,,,X
Horlbeck,,X,
Horn,X,X,X
Horses,,,X
Horton,X,,X
Hough,X,X,X
Housewas,,X,
Howard,X,X,X
Howell,X,,
Howell Cobb,,X,X
Howlike,X,X,X
Hoyt,X,X,X
Hubbard,X,X,X
Hudgens,,X,
Hudgens vs Kennedy,,,X
Hudson,X,,
Huger,X,X,X
Huger last night,,,X
Hugh [Swinton] Legare &,,,X
Hughes,X,X,X
Hughson,X,,X
Hunt,X,X,X
Hunter,X,X,X
Hunters,X,X,X
Hurrah,X,X,
Hutson,X,X,X
I.,X,,
I.  How,,X,
Iabout,,,X
Ifor,,,X
Iin,,X,
Ill,X,,
Inauguration,,,X
Ingersoll,X,X,X
Ingersolls,X,X,X
Inst,,X,
Intelligencer,X,X,
Ioor,X,X,X
Irby,X,X,X
Irvin,X,X,X
Irvine,X,X,X
Irvine Jones,X,X,X
Irwin,X,X,X
Isaac,X,X,X
Isaac & William Taylor,X,X,
Isaac Bryan,,X,
Isaac Hayne,X,X,X
Isaac Hayne &,X,,
Isaac Hayne & Captain,X,,
Isaac Hayne.,X,,
Isaac Haynes,,X,X
Isaac Henry,X,X,X
Isaac] Holmes,X,,X
Isaacs,X,X,X
Ito,,X,
Iva Williams,X,X,X
Iwill,,X,
Izard,X,X,X
Izardrequested,X,X,X
J S,,X,
J Sitton,,X,X
J. Izard Middleton,X,X,X
J. Looper,,X,
J.B. Campbell,X,X,X
J.H. Hammond,X,X,X
J.I. Middleton,X,X,
J.L. Orr,X,X,X
J.N. Feaster,,X,X
Jabez J.R. Westcoat,X,X,X
Jack,X,X,X
Jack Jenkins,X,X,X
Jackson,X,X,X
Jacksons,,,X
Jacobs,X,X,X
Jake,,X,X
James,X,X,X
James B.,,X,
James B.] Campbell,X,,X
James Benson,X,X,X
James Cunninghams,X,,
James Cunninghams &,,,X
James Diament,X,X,X
James Edward] Henry,X,X,X
James Gibbes,X,X,X
James Gibbs,X,X,X
James H.,,X,
James H. Irby,X,X,X
James H.],,X,X
James H.] Adams,X,X,X
James H.] Irby,X,,X
James H.] Norwood,X,,X
James H.] Rion,X,,
James Harrison,X,X,X
James Henley,X,X,X
James Henry] Hammond,X,X,X
James Island,,X,
James J.],X,,
James J.] McCarter,,X,X
James L.,,X,
James L.],,X,X
James L.] Orr,X,,X
James L.] Petigrus,X,,
James Lawrence,,X,
James Lawrence] Orr,X,,X
James Louis] Petigru &,,,X
James Louis] Petigru & Dr.,X,,
James M.],,,X
James M.] Carlisle,X,,
James M.] Gadberry &,X,X,
James Moore,X,X,X
James Moore] Wayne,X,,X
James Parsons,,X,X
James Parsons] Carroll,X,,
James Perrin,X,X,X
James Petigru],,,X
James Petigru] Boyce,X,X,
James Simons,X,X,X
James Smith] Rhett,X,X,X
James Washington,X,X,
James Washington],,,X
James]  OHanlons,X,,
James] Black,X,,X
James] Chesnut,X,X,X
James] Farrow,X,X,X
James] McCullough,X,X,X
James] OHanlon,X,,X
James] Simmons,X,X,X
Jane Adams,X,X,X
Jane Walker,X,X,X
Jann[e]y,X,X,X
Janney,X,X,X
Janneys,X,X,X
Janneys Hotel,X,,
Janneys House,X,X,X
Jas,X,X,X
Jeff Arnold,X,X,X
Jeff Davis,X,,
Jenkins,X,X,X
Jenkins Hammond,X,X,X
Jennie,X,X,X
Jennie Carson,X,X,X
Jennings,X,X,X
Jennings Goodlett &c.,X,X,
Jerry,X,X,X
Jesse R. Gary,X,X,X
Jesse Westmoreland,X,X,X
Jesse Youngs,X,X,X
Jeter,,X,
Jim,X,X,X
Jim Mays,X,X,X
"Jim Mays, Stroud",X,,
Jim McDaniel,X,X,X
Jim Moore,X,X,X
Jimmy,X,X,X
Jinny Lind,X,X,X
Jno,X,X,X
Jno Charles,X,X,X
Jno Ferguson,X,X,X
Jno Preston,X,X,X
Jno Prestons,X,X,X
Jno S. Preston,X,X,X
Joab,X,X,
Joab Mauldin,X,X,X
Joab Mauldins,X,X,X
Job Johnston,,X,
Joe,X,,
Joe Ferguson,X,X,X
Joe Long,,X,X
Joe Longs,X,X,X
Joe McCullough,X,X,X
Joel Goodlett,,X,
Joel Ketchum,X,X,X
John,X,X,X
John & Harry,X,,
John & Prince,X,,
John A.],,,X
John A.] Quitman,X,X,
John Adams] Dix,X,,X
John Algernon Sidney,,X,
John Algernon Sidney],X,,
John Algernon Sidney] Ashe,,,X
John Ashe Alston,X,X,X
John Baird,X,X,X
John Baldwin,X,X,X
John Belton,X,,
John Belton],X,,X
John Belton] ONeall,,,X
John Bradly,X,X,X
John C.,X,X,X
John C.  Norriss,,X,
John C.  Norriss&,X,,
John C. Calhoun,X,X,X
John C. Calhouns,X,X,X
John C.] Calhoun &,,,X
John Charles,X,,
John Charles] McClenag[h]an,,,X
John Charles] McClenaghan,X,,X
John Cunningham,X,X,X
John Durant] Ashmore,X,X,X
John E. Norris,X,X,X
John Etienne,X,X,
John Etienne],,,X
John Ferguson,X,X,X
John Fowler,X,X,X
John Greens,X,X,X
John H. Harrisons,X,X,X
John Hughson,X,X,X
John Izard Middleton,X,X,X
John Izard] Middleton,,,X
John Izard] Middleton & DeSaussure &,X,,X
John J.] Crittenden,,,X
John J.] Crittenden of,X,,
John Jones,X,X,X
John L. Manning,X,,X
John L.],,X,
John L.] Manning,X,X,X
John Latimer,,X,
John Latimer],,,X
John Latimer] Westmoreland,X,,
John LeConte,X,X,X
John Ligon,X,X,X
John Marshal,X,X,X
John Maxwell,X,X,X
John McColl,X,X,X
John P.],,,X
John P.] Richardson,X,,
John Perry,X,X,X
John Perrys,X,X,X
John Peter] Richardson,X,X,X
John Pettit,X,X,X
John Preston,X,X,X
John Preston & old,X,,
John Prestons,X,X,X
John Q. Adams,X,X,X
John Read,X,X,
John Reeds,X,X,X
John S. Prestons,X,X,X
John Sloan,X,X,X
John Smyth],,,X
John Smyth] Richardson,X,,
John T. Sloan,X,,
John T.] Hoffman,X,X,X
John Van,,X,X
John Van Buren &,X,,
John W,X,X,X
John Watson,X,X,X
John Westfield,X,X,X
John Wickliffe,,X,
John Wickliffe],,,X
John Wickliffe] Stokes,X,,
John haul,X,,
John.,,X,
John] Bauskett,X,X,X
John] Bausketts,X,X,X
John] Davis,X,,X
John] Livingston,X,,X
John] Pettit,,X,X
Johns,,X,X
Johnson,X,X,X
Johnson  & Elmore,,X,
Johnson wason,,X,
Johnsons,X,X,X
Johnston,X,X,X
Johnston[e,,X,
Johnstone,X,X,X
Johny,X,,X
Jones,X,X,X
Jones &,,,X
Jones & Betty Robinson,,,X
Jordan Pool,X,X,X
Joseph &,X,X,X
Joseph Daniel],,,X
Joseph Daniel] Pope,X,,
Joseph Duncan,X,X,
Joseph Duncan] Allen,,,X
Joseph H.] Bradl[e]y &,X,,X
Joseph LeConte,X,X,X
Joseph LeContes,X,X,X
Joseph N.] Whitner,X,,X
Joseph Newton,X,X,
Joseph Newton] Whitner,,,X
Joseph Powell,X,X,X
Joseph Rodgers,X,,
Joseph Rodgers &,,X,X
Joseph Rogers,X,X,X
Joseph] Woodward &,X,,X
Josephs,X,X,X
Josiah,X,X,X
Josiah B. Perry,X,X,X
Josiah James] Evans,X,,X
Judgeall,,X,X
Judhe W,X,X,X
Judisiary,X,X,X
Julia A.],,,X
Julia A.] Hext,X,,
Juror,X,,
Justine Dunkin,X,X,X
Kay,X,X,X
Keep,X,,
Keith,X,X,X
Keiths,X,X,X
Keitt,X,X,X
Kellys Ford,X,X,X
Kemble,X,X,X
Kennedy,X,X,X
Kern,,X,X
Kerns,,X,X
Kershaw,X,X,X
Kershaws Regiment,X,X,
Kilgore,X,X,X
Kilgores,X,X,X
Kincade,,X,
Kinder Hook,X,,
King,X,X,X
Kiss,X,X,
Kiss Anna,X,X,X
Kiss Arthur,X,X,
Kiss Hext,X,X,
Knotts,,X,X
Kohls Russia,X,,
L,X,X,X
LaBorde,X,X,X
LaBordes,X,X,X
Laborde,X,X,X
Labordes,X,X,X
Ladies,X,,
Lady,X,X,X
Lady Bles[s]ingtons,,X,
Lady Blessingtons,,,X
Lady Blessingtons Memoir,X,X,
Lafayette,X,,X
Lamb,X,X,X
Lane,X,X,X
Langdon Cheves,,X,X
Lanman,,X,X
Lanneau,X,X,X
Larkin,X,X,X
Lasly,,X,
Latta,X,X,X
Lattimore,X,X,X
Laura,X,X,X
Lauren C.H.,X,X,X
Laurens,X,X,X
Laurens C. House,X,X,
Laurens C.H.,X,X,X
Laurens C.H.  Went,X,,
Laurens CH,,X,
Laurensville Herald,X,,
Law,X,X,X
Lawrence,X,X,X
Lawrence M.,,X,
Lawrence M.] Keitt,X,,X
Lawton,X,X,X
Lawyer,X,,
Le,X,X,X
LeConte,X,X,X
LeConte &,,,X
LeConte & Lula,,X,X
LeConte &c.  Fannie,X,,X
"LeConte, Col",,X,X
LeContes,X,X,X
Leap,X,,
Leary,X,X,X
Leavy,X,X,X
Lecontes,X,X,X
Lecowleys Regiment,X,,
Lectures,X,,
Lee,X,X,X
Lees,,,X
Legare,X,X,X
Legation,,X,
Legislatureenquired,,X,
Leitner,X,X,X
Leonidas],,,X
Lesesne,X,X,X
Leslies,,X,
Lester,,X,
Letter 321,X,,
Letter 402,X,,
Letter 460,X,,
Letter 479,X,,
Letter 480,X,,
Letter 664,X,,
Letter 722,X,,
Levy,X,X,X
Lewis,X,X,X
Lewis Moonwent,X,X,X
Lewis R.,X,,X
Lewis R. Gibb[e]s,,X,
Lewis] Cass,,,X
Library,X,,
Lida McKay,X,X,X
Lieber,X,X,X
Lieber &,,,X
Lieber last,,,X
Lieber last night,,,X
Liebers,X,X,X
Lieut,X,X,X
Lieut Cols,X,X,X
Lieut.,,X,X
Ligon,,X,X
Lincolns,,,X
Lindsay,X,X,X
Lindy,X,X,X
Lipscomb,X,X,X
Lis,,X,
Lister,X,X,X
Little Frank,X,X,
Liver,X,X,
Livingston,X,X,X
Liz,X,X,X
Lizie,X,X,
Lizmy,X,X,X
Lizyour,,,X
Lizzie,X,X,X
Lizzie R. Smith,X,X,X
Lizzie Smith,X,X,X
Lola Montes,,X,X
Long,X,X,X
Long Tom,,X,X
Longstreet,X,X,X
Longstreet this morning,,,X
Lord,X,X,X
Lord nelson,,X,
Loring,,X,
Loughton] Smith,,,X
Louis,,,X
Louis Napoleon,,,X
Louis Trezevant,,X,
Louis Trezevant],,,X
Louis Trezevant] Wigfall &,X,,
Lowndes,X,X,X
Ls,X,X,X
Lula,X,X,X
Lula LeConte,X,X,X
Lulas,,X,
Lunatic,X,,X
Lung,,,X
Lung Fever,X,X,
Luther,X,X,X
Luther McBee,X,X,X
Lyles,,X,X
Lynch,X,X,X
Lynda,,,X
Lynn Watsons,X,X,X
M.,,X,X
M.  Governor,X,,X
M.  Mrs.,,X,
M.  Two,,X,
M. Butler,,X,
Ma,X,X,X
Madam,,X,
Madame Calderon,,X,
Madame Calderons Book,,X,
Maddox,X,X,X
Maggie,X,X,X
Maggies,,,X
Magrath,X,X,X
Magrath Governor,X,,X
"Magrath, Col",,,X
Mahaffey,X,X,X
Mahon,X,X,X
Maj,,,X
Major,,,X
Major Bell,,,X
Major Gladden,,,X
Major Jones,,,X
Major Wardlaw,,X,
"Major Wardlaw, Col",,,X
Make Greenfield,X,,
Make John,,,X
Make Reuben,X,,
Mama,,,X
Manly,X,X,X
Manning,X,X,X
Manning & Aiken,,X,
Manning Sm,,,X
Mannings,X,X,X
Manorah,X,X,X
Mardens,,X,
Marenick,X,X,X
Maria,X,X,X
Mario,X,X,X
Marion,,X,X
Markley,X,X,X
Markleys,X,,X
Marshall,X,X,X
Martha,X,X,X
Martha Calhoun,X,X,X
Martin,X,X,X
Martin &,,,X
Martin & Col,,X,
Martin Clerk &,X,X,
Martin Edwards,X,X,X
Martin Witherspoon,,X,
Martin Witherspoon] Gary,,,X
Martins,,X,X
Martinsburg,X,,
Mary,X,X,X
Mary Adams,X,X,X
Mary Cleveland,X,X,X
Mary Dillon,X,X,X
Mary Hardin,X,X,X
Mary Jones,X,X,X
Mary Mauldin,X,X,X
Mary Mauldin Betty & Oscar,X,X,
Mary Mauldins,X,X,X
Mary McCall,X,X,X
Mary McLain,X,X,X
Mas,X,X,X
Mason,X,X,X
Masons,X,X,X
Mathew Williams,X,X,X
Mathews,,X,X
Mattie,X,X,X
Mattie Orr,,X,X
Mattison,X,X,X
Mattisons,,X,
Mattisontook,,X,
Mauldin,X,X,X
Mauldins,,X,X
Maury,,,X
Maximilian] Laborde,,,X
Maxwell,X,X,X
May,X,X,X
Maybin,X,X,X
Maybin of Columbia,X,,
Maybins,X,X,X
Maybins Hotel,X,,
Mayrants,X,X,X
Mays,X,X,X
Mays carriage,,X,
Mc,,X,X
McBee,X,X,X
McBees,X,X,X
McBeth,,,X
McCain,X,X,X
McCall,X,X,X
McCallenquired,X,X,X
McCalls,X,X,X
McCarter,X,,
McCauley,X,X,
McCay,X,X,X
McCays,X,X,X
McCays Address,X,X,X
McClain,,X,X
McClanahan,X,X,X
McClanahans,X,X,X
McClellan,X,X,X
McClure,,X,X
McClures,X,X,X
McColl,,X,X
McConley,X,,X
McCord,X,X,X
McCordquite,X,X,X
McCrady,X,X,X
McCray,X,X,X
McCready,X,X,X
McCreadys,X,X,X
McCullough,X,X,X
McCully,X,X,X
McDaniel,X,X,X
McDuffie,X,X,X
McDuffies,X,X,X
McElroys,X,X,X
McFall,X,X,X
McFarland,X,X,X
McGowan,X,X,X
McGowen,X,X,
McGrath,X,X,X
McJunkin,X,X,X
McKay,X,X,X
McKewn,X,,X
McKinney,X,X,X
McLaws,X,,X
McLeod,X,X,X
McLure,X,X,X
McMahon,,X,X
McMakin,X,X,X
McMaster,X,X,X
McMeekin,,,X
McNeely,,X,X
McPheters,X,X,X
McQueen,X,X,X
McQueen Woodward Orr,,X,X
McQueen of South Carolina &,,,X
McQueens,X,X,X
McRoy,,,X
McWilliam,X,,X
McWillie,X,X,
Mcbee,X,,
Mdid,X,X,X
Meade,X,,X
Mecklinburgh,,X,X
Meek,X,,
Melton,X,X,X
Memminger,X,X,X
Memmingers,,X,X
Menninger,X,X,X
Mer,X,X,
Merrit,,X,
Merritt,X,X,X
Mers,,X,X
Mess,X,,
Met Col,,X,
Methodist,X,,
Michael,X,X,X
Middlekoff,X,X,X
Middleton,X,X,X
Middletons,,,X
Midshipman,,X,
Midss Gordon,X,X,X
Miis Buist,,X,
Miles,X,X,
Miles Norton,X,,X
Military Ball,X,,
Milledge L.] Bonham,,,X
Milledge Luke] Bonham &,,,X
Miller,X,X,X
Millers,X,X,X
Mills,X,X,X
Minerva,X,X,X
Mis Graham,X,X,X
Miss,X,,X
Miss B.,X,,
Miss Benson,X,X,
Miss Blanding,,X,
Miss Bolling,,X,X
Miss Branch,X,,
Miss Brenan,X,X,
Miss Brenner,,X,
Miss Caldwell,X,,X
Miss Carroll,X,X,X
Miss Col,,,X
Miss Cox,X,X,
Miss Crayton,,X,
Miss Cunningham,,X,X
Miss Dix,,,X
Miss Doty,,X,X
Miss E. Barnwell,X,X,
Miss Earle,X,,
Miss Elfords,,,X
Miss Garlington,X,,X
Miss Gerard,X,X,
Miss Gibbes,X,,
Miss Graham,X,,
Miss Hampton,X,,
Miss Harper,X,X,
Miss Harriet Walker,X,,
Miss Hill,,X,
Miss Holbeck,,,X
Miss Horlbeck,X,,X
Miss Horton,X,X,X
Miss Jones,,X,
Miss LeConte,,X,
Miss Lee,,X,
Miss Lowndes,,,X
Miss Lyles,X,,X
Miss Maggie,,X,
Miss Manning,,X,
Miss Manning Sm,X,X,
Miss Mardens,X,,X
Miss McCall,X,,X
Miss McClanahan,,X,
Miss Mory,X,X,X
Miss Murden,X,,X
Miss Nelly,,X,X
Miss Nelson,,X,
Miss Orr,,X,X
Miss Orr.,,X,
Miss Perwho,,X,X
Miss Pickens,X,X,
Miss Powell,X,,
Miss Ramsay,,X,
Miss Rodgers,X,,
Miss Salie,,X,
Miss Smith,X,X,X
Miss Sparks,X,X,
Miss Thompson,,X,X
Miss Trescott,,X,
Miss Trott,,,X
Miss Waistcoat,,X,
Miss Walker,X,,X
Miss Yates,,X,
MissMcBee,X,X,
Mistress Moore,,X,
Mitchell,X,X,X
Moi Liquor,,X,
Mom,X,,
Monarch,X,,
MondayTuesday,,,X
Mondaythe Ball,,,X
Monroe,X,,
Montgomery] Blair,,,X
Moon,X,X,
Mooney,X,X,X
Mooneys,X,X,X
Moore,X,X,X
Mordecai,X,X,X
Mordecai &,,,X
Mordecais,X,X,X
Morgan,X,X,X
Moroni,,X,X
Morris,X,X,X
Moseley,,,X
Moses,,X,X
Moses Cohen] Mordecai,,,X
Moses Perry,,X,X
Moslys,,X,
Moss,X,X,X
Mother,,,X
Mother Tupper,,X,X
Mountaineer,X,,
Mules,X,,
Mullins,X,X,X
Munro,X,X,X
Munson,X,X,X
Murden,,X,
Murray,X,X,X
Muskito,,X,X
Muskitos,,X,X
My Bill,X,X,
My dear little,,,X
N. Carolinasold,,,X
Nacy,,X,X
Nance,X,X,X
Nances,X,X,X
Nashe vs Rodgers,X,X,X
Nat,X,X,X
Nat Butler,X,X,X
Nat Heyward,X,X,X
Nathaniel,X,,
Nathaniel P.,,X,X
Nathaniel P.],X,,
Nathaniel Ridley,X,X,
Nathaniel Ridley] Eaves,,,X
Nathaniel] Morgan,X,,X
Nature,X,,
Neelys,X,X,X
Nellie Orr,X,X,X
Nelly Orr,X,X,X
Nelson,X,,X
Newberry,X,,
Newberry C.H.,X,X,X
Newberry CH,X,X,
Niagara,X,,
Niagara Falls,X,X,
Niagara Falls &,X,,
Nichols,X,X,X
Nikerson,X,X,X
Noe,,,X
Norece,X,X,X
Norris,X,,X
North,,,X
North Carolinaboth,,X,
Norton,X,X,X
OHanlons Will,X,,
ONeall,X,X,X
"ONeall, Col. Brockman, Col",,,X
"ONeall, Col. Manning",,,X
ONealls,X,,X
Old Charles,X,,
Olin Miller,,X,X
Olin Miller] Dantzler,X,,
Oliver Evans] Edwards,X,,X
Oliver H. Perry,X,X,X
Orangeburgh,,X,
Order,X,,X
Orr,X,X,X
Orr &,,,X
"Orr, Childs, Melton, Richardson",,,X
"Orr, Col.",,,X
"Orr, Col. Childs &",,,X
Orrs,X,X,X
Oscar Mauldin,X,X,X
Oswald,X,X,X
Overtook Col,,,X
Owens,X,X,X
Ozey Robert] Broyles,X,,X
P,,X,X
P. McBee,X,,X
P.E. Griffin,,,X
P.M.,X,,
P.S.,,X,X
P.S.  Reed,,,X
P.S. Bring,X,,
P.S. Col,,X,X
P.S. Ed Stokes,X,,
P.S. Fold,,,X
P.S. Gowers,,X,
Painting,X,,
Palmer,X,X,X
Palmertwo,,X,
Pamela,X,X,X
Pamela Cunningham,X,X,X
Pamela Cunningham &,X,,
Pamelas,X,,
Papa,X,,X
Papas,X,,X
Parker,X,X,X
Parkers,,,X
Parlor,X,,
Parsons,,X,
Pasley,X,X,X
Patrick,X,X,X
Patrick Nelson,,X,
Patrick Nelson],,,X
Patrick Nelson] Lynch,X,,
Patrick] Cleburne,X,,X
Patriot,X,X,
Patterson,X,X,X
Paul,X,X,X
Paul Hayne,X,X,X
Pauline,X,X,X
Pauline Ware,X,X,X
Payne,,,X
Pearson,X,X,X
Pearsons,,X,X
Pedee,X,,
Peden,,X,X
Pedicaris,X,X,X
Pelham,X,X,X
Pendergrast,X,X,X
Pendleton,X,X,X
Pendleton Messenger,,,X
PendletonMrs,,X,
Pengleton,X,X,X
Perdicaris,X,X,X
Perdicariss,X,X,X
Perkins,,,X
Peroneau,X,X,X
Perrin,X,X,X
Perrin Isaid,,X,X
Perroneau,,,X
Perry,X,X,X
Perry Duncan,X,X,X
Perry Emory,,X,
Perry Emory],X,,
Perry Emory] Duncan,X,,X
Perry Hats,X,X,X
Perry Leaphart,X,X,X
Perryman,,X,X
Perrys,,X,
Perrythat,,X,X
Perwho,X,,
Peter,X,X,X
Peter Cauble,X,X,X
Peter Caubles,X,X,X
Peter] Shand,X,X,X
Peter] Stokes,X,,X
Petersburgh,X,X,
Petigru,X,X,X
Petigru &,,,X
Petigru & Col,,,X
Petigrus,X,X,X
Petigruvery,X,X,X
Petros,,X,
Petrus,X,X,X
Pettigrew,,X,X
Pettigru,X,X,X
Pettit,X,X,X
Pettits,X,X,X
Philadelphia,,X,
Philip,X,,
Philips,X,X,X
Philson,X,X,X
Piano,X,,
Pickens,X,X,X
Pickens Butler,X,X,X
Pickens C,X,,
Pickens C.H.,X,X,X
Pickens Resolutions,X,X,
Pickerel,,,X
Pierce,X,X,X
Pierce Mason],,,X
Pierce Williamson,X,X,X
Pierces,,X,X
Piety,,X,
Pike,,,X
Pinckney,X,X,X
Pinckney Alstons,,X,X
Pinckney Butler,X,X,X
Pinckney Dill,X,X,X
Pinckney Huger,,,X
Pinckney Irvin,,X,X
Pinckney Irvine,,X,X
Pinckney McBee,,X,X
Pinckney Mcbee,,X,X
Pinckney recd,,,X
Pinckneys Sermon,X,X,X
Pinkney,X,X,X
Pinson,,,X
Pirce,X,X,X
Pittman,,X,X
Pleasant Jenkins,X,X,X
Poem,X,,
Poinsett,X,X,X
Poinsett Wells,X,X,X
Poinsetts,X,X,X
Polk,X,X,X
Polk Mauldin,X,X,X
Polks,X,X,X
Polly Thompson,,X,X
Pony,,,X
Pools,X,,
Poor Brown,X,,
Poor Dean,X,,
Poor Mauldin,X,,
Poor Wheaton,X,,
Pope,X,X,X
Porcher,X,X,X
Porchers,X,X,X
Port Hudson,X,,
Porter,X,X,X
Porter of Alabama,X,,
Potter,X,X,X
Powe,X,X,X
Powell,X,X,X
Powell McCray,X,X,X
Powells,,X,
Power,X,X,X
Preacher,X,X,
Preacher Arnold,X,X,
Preble,,,X
Preisdent McCay,,X,X
Prentiss,,X,X
Pres,,,X
Presley,X,X,X
Pressly,,X,X
Preston,X,X,X
Preston Brooks,X,X,X
Prestons,,X,X
Prestons Portico,X,X,X
Pride,X,,
Prince,X,X,X
Princeton,,X,
Pringle,X,X,X
Prior,X,,
Probono Miloner,X,X,X
Professors,X,,
Pure,X,X,X
Pursue,X,,
Queen Victorias,X,X,X
Quitman,X,X,X
Quitman Keitt & Bonham,X,,
Quitmans,,,X
R. Maxwell,X,X,X
R.B. Rhett,,X,X
R[obert,,X,
Raffle,X,,
Rail Road,X,,
Ramon Pearson,X,X,X
Ramsay,X,,X
Randal,X,X,X
Randal Croft,X,X,X
Randal Hunt,X,X,X
Randall Croft,X,X,X
Randall Hunt,X,X,X
Ransom Calhoun,X,X,X
Ray,X,X,X
Raymond,X,X,X
Read,X,,
Redfield,X,X,
Redwood,X,X,X
Reed,X,X,X
Reeder,,X,
Reese,X,X,X
Reid,X,X,X
Resolutions,X,,
Reuben,X,X,X
Reuben to Columbia &,X,,
Revd,,X,X
Revd Edmund Dawse,,,X
Reverdy Johnson,X,X,X
Reynolds,X,X,X
Rhett,X,X,X
"Rhett, Col",,,X
Rhetts,X,,X
Rhetts Bill,X,X,X
Rice,X,X,X
Richard,X,,
Richard F. Simpson,X,X,X
Richard F.],,,X
Richard F.] Simpson,X,X,
Richard Freeman,X,X,X
Richard Harrison,X,X,X
Richard Singleton,X,X,X
Richard Stobo,X,,
Richard Stobo Bedon,,,X
Richard Stone,X,X,X
Richard T.,,X,
Richard T.],X,,
Richard T.] Brumby,,,X
Richard T.] Brumby &,,,X
Richard] DeTreville,X,X,X
Richard] Yeadon,,X,X
Richardson,X,X,X
Richardsona,,X,X
Richardsons,,X,X
Richie,,X,
Richmondthat,X,X,X
Rion,,,X
Rions,X,X,X
Roach,X,X,X
Roache,X,X,
Roachs,X,X,X
Robber,X,,
Robe,X,,X
Robert,X,X,X
Robert Barnwell,X,X,X
Robert Barnwell &,X,X,X
Robert Bentham,X,X,
Robert Bentham] Boylston,,,X
Robert Brown] Elliott,X,,X
Robert Cunningham,X,X,X
Robert Duncan,X,X,X
Robert Foster,X,X,X
Robert Francis Withers,X,X,
Robert Francis Withers],,,X
Robert Goodloe Harper,X,X,X
Robert Harris,X,,X
Robert Maxwell,X,X,X
Robert McKay,X,X,X
Robert Pool,X,X,X
Robert Thurston,X,X,X
Robert Wilson,X,,X
Robert Wilson] Gibbes &,,,X
Robert hadto,,,X
Roberts,X,X,X
Robinson,X,X,X
Robinsons,X,X,X
Robt,X,X,X
Robt McKay,X,X,X
Rodgers,X,X,X
Rom,X,X,
Roper,X,X,X
Rosborough,,X,
Rosemont,X,X,
Rowland,X,X,X
Rowlands,X,X,X
Rueben,,,X
Rufus,,X,X
Rufus Choate,,X,X
Rufus Johnston,X,X,X
Runnion,X,,X
Rush,,,X
Russel[l],,,X
Russel[l] Middleton,X,X,
Rutherford,X,X,X
S.,X,X,X
S.A. Marenick,X,X,X
S.O. Goodlett,X,X,X
Said,X,X,X
Said Col,X,X,
"Said Col. Mosely, Col. Williams",,,X
Said McBees,X,X,X
Salie,X,,
Sallie,X,X,X
Sallie Cleveland,X,,
Sallie Martin,X,X,X
Sally,X,,
Sally Cleveland,X,,
Sally Crook,X,X,X
Sally Elmore,,X,X
Sally Taylor,X,X,X
Sally Thompson,X,X,X
Salt,X,X,
Saluda,X,,
Sam,X,X,X
Sam Earle,X,X,X
Sam Earle &,X,,
Sam Jones,X,X,X
Sam Mauldin,X,X,X
Sam McClanahan,X,X,X
Sam Townes,X,X,X
Sam Townes & Frank Townes,X,,
Sams,X,X,X
Samuel Earle,X,X,X
Samuel Henry] Dickson,X,,X
Samuel Youngblood Co.,,X,
Samuel] Hoar,X,,X
Samuel] Mauldin,,,X
Samuel] McAiley,X,,X
Samuel] McGowan,X,,X
Samuel] Rogers,X,X,X
Sans Souci,X,X,
Sarah,X,X,X
Sass,X,X,X
Satterfield,X,X,X
Savannah,X,,
Savannah Rail Road,X,,
Saw Willie,X,X,
Saw Willie this morning,,,X
Schoolcraft,X,X,X
Scott,X,X,X
Scott &,,,X
Screven,,X,
Scruggs,,,X
Scuffletown,,,X
Scurry,X,X,X
Sdead,,X,
Seaborn,,X,X
Seaborns,,X,X
Seabrook,X,X,X
Seabrook &,,,X
Seager,X,X,X
Sedgwick,X,X,X
Seller,X,,
Send Elford,X,,
Sermon,X,,X
Servant,,X,
Servants,,X,
Settle,X,,
Shaft,,X,
Shall,X,,
Shand,X,X,X
Sharkey,X,X,X
Sharp,X,X,X
Sharpe,X,X,X
Sharpes,X,X,X
Sharps,X,X,X
Shawls,X,,
Sheriff,,X,
Sherman,X,X,X
Sherrod,X,X,X
Sherry,X,,X
Shew,X,X,
Shields,X,X,X
Shor,,,X
Shubrick,X,,
Shubricks,X,X,X
Sickles,X,X,X
Siegling,X,X,X
Sill,X,X,X
Silliman,X,X,X
Simeon] Fair,,,X
Simmons,X,X,X
Simms,X,X,X
Simms Greenville Story,X,X,
Simms History,X,X,
Simon Turner,X,X,X
Simons,X,X,X
Simons &,,,X
Simonton,X,X,X
Simpkins,X,X,X
Simpson,X,X,X
Sims,X,X,X
Singleton,X,X,X
Sister,,X,
Sitton,X,X,X
Skinner,X,X,X
Skylark,X,,
Slave,,X,
Sloan,X,X,X
Sloan Duncan,X,X,X
Sloane,X,X,X
Slocum,,X,X
Smith,X,X,X
Smiths,X,X,X
Snyder,X,,X
Soi,X,X,
Son,,,X
Soule,X,X,X
South,,,X
Southworth,,X,X
Spain,X,X,
Spann,X,X,X
Sparkes,X,X,X
Sparks,X,X,X
Spartan D. Goodlett,X,,X
Spartan D. Goodletts,X,,
Spartan Goodlett,X,X,X
Spartanburgh,,X,X
Spartanburgh C.H.,X,,
Spears,X,X,X
Speech,,,X
Speen,,X,
Speers,X,X,X
Speers & Garlington,,X,
Speights,X,X,X
Spencer,X,X,X
Sperman,,,X
Spratt,X,X,X
Spratt & Ingersoll,X,X,
Spriggs,X,X,X
Springs,X,X,X
Springswife,X,X,X
Sr,X,X,X
St. Mathew,,X,
Stacey,X,X,X
Stacy,,X,X
Stacy & Ship[p,X,,
Stairley,X,X,X
Stairlings,,,X
Stairly,X,X,X
Stanly Crittenden,,X,
Stark,X,X,X
Stateburgh,,,X
Statesburgh,X,X,X
Ste,X,X,X
Steeles,X,,
Steen $,,,X
Stephen Elliott,X,X,X
Stephen] Decatur,X,,X
Stephens,X,X,X
Steward,,X,
Stewart,X,X,X
Sto,X,X,X
Stockton,X,X,
Stokes,X,X,X
Stokes Beattie,X,X,X
Stoneman,X,X,
Stork,,X,X
Stroud,X,X,X
Strouds,,X,X
Stuart,X,X,X
Suber,X,X,X
Sudd,X,X,
Suddith,X,,X
Sue Hoke,X,X,X
Sullivan,X,X,X
Sullys Gallery,X,,
Summer,X,X,
Sumner,,X,X
Sumter,X,,
Sundaystopped,X,X,X
Susan,X,X,X
Susan &,,,X
Susan & Ann,X,,
Susan & Anna,X,,
Susan & Anne,X,,
Susan 7 Anne,X,X,X
Susan B. McColl,X,X,X
Susan Hayne,X,X,X
Susan Hoke,X,X,X
Susan Hokes,X,X,X
Susan Perry,X,X,X
Susan alsootherwise,,X,
Susan yesterday,,X,
Susans Sdead,,,X
Susys,,,X
Suzanne Mandeville] Sparks,X,,X
Swain,X,X,X
Swains,X,X,X
Swandale,X,X,X
Swap,X,,
Symmes,X,X,X
Symons,,X,X
T,,X,
T Hayne,,,X
T Johnson,,X,
T Tupper,,,X
T. Croft,X,X,X
T. Edwin Ware,X,,X
T.B. Cou,X,X,X
T.J. Wright,X,X,X
T.P. Butler,X,X,X
Taber,X,X,X
Tabers Address,,,X
Taggert,X,X,X
Tailor,X,,
Taken,,,X
Talley,X,X,X
Talula,X,X,X
Tandy Walker,X,,
Taylor,X,X,X
Taylor & Martin,,X,
"Taylor, Lewis, Col",,X,
Taylor],,,X
Taylors,,X,X
Teague,X,X,X
Teagues,X,X,X
Tell,X,,
Tell Alfred,X,X,
Tell Amma,X,X,
Tell Anna,X,,
Tell Anne,X,X,X
Tell Ben,X,,
Tell Bill Fisher,X,,X
Tell Edward,X,,
Tell Elford,X,X,
Tell F,X,,
Tell Fannie,X,,
Tell Fanny,X,,
Tell Frank,X,X,
Tell Grandma,X,X,
Tell Hayne,X,X,
Tell Hext,X,X,
Tell Hext Col,,X,
Tell Jim,X,,
Tell John,X,,
Tell Ma,X,,
Tell Reuben,X,,
Tell Rueben,X,X,
Tell Susan,X,,
Tell Vardry,X,,
Tell Wilie,X,,
Tell Will,X,,
Tell Wille,X,,
Tell William,X,,
Tell Willie,X,X,
Tell Willy,X,X,
Telula,X,X,X
Tench Carson,X,X,X
Tench Corson,X,,
Tench Cox,,,X
Tench Pool,X,,
Tent,X,,
Terry,X,X,X
Terry Edwards,X,X,X
Teter,,,X
Thackeray,X,X,X
The Boy Henry,X,X,
The Judiciary Bill,,X,
The Miss Hamptons,,X,
Theis,X,,
Theodore Croft,X,X,X
Theodore Dehon,X,X,
Theodore Dehon] Wagner,,,X
Theodore Gourdine,X,X,X
Theodore Stark Esq,X,X,X
Theyou,X,,X
Thomas,X,X,X
Thomas A.] Hendricks,X,,X
Thomas Butler,X,X,X
Thomas Case,X,X,X
Thomas E.],,X,
Thomas E.] Ware,X,,X
Thomas Edwin,,X,
Thomas Edwin] Ware,X,,X
Thomas Edwin] Wares,X,,X
Thomas Gowen,X,X,X
Thomas Jefferson,X,X,
Thomas Jefferson] Goodw[y]n,,,X
Thomas Jefferson] Withers,,,X
"Thomas Jefferson] Withers,",X,,
Thomas Jones,,X,
Thomas Jones] Pickens,,,X
Thomas Martin],,,X
Thomas Nuckolls,,X,
Thomas Nuckolls] Dawkins,X,,X
Thomas Roberts,X,X,X
Thomas Stephen],,X,
Thomas Stephen] Powell,,X,X
Thomas Thurston,X,X,X
Thomas Worth,,X,
Thomas Worth] Glover,X,,X
Thomas],,X,
Thomas] Dawkins,X,,X
Thomas] Hendricks,,,X
Thompson,X,X,X
Thompson Earle,X,X,X
Thompson rece[ive]d,,X,
ThompsonYoung,X,X,X
Thompsons,X,X,X
Thomson,X,,X
Thornwell,X,X,X
Thos Crayton,X,,X
Thos Jones,X,X,X
Thos P. Butler,X,X,X
Thos Pickens,X,,X
Throat,X,X,X
Thurston,X,X,X
Tiddiman,X,X,X
Tilden,X,X,X
Tillman,,X,X
Tim,X,X,X
Titles,X,,
Tobin,,,X
Tolbert,,X,X
Tom,X,X,X
Tom Adams,X,X,X
Tom Beattie,X,X,X
Tom Butler,X,X,X
Tom Butler & Erwin Jones,X,,
Tom Butler & Rowland,X,,
Tom Butlers,X,X,X
Tom Earle,X,X,X
Tom Janes,X,X,X
Tom Jones,X,X,X
Tom Long,X,X,X
Tom McL,X,X,X
Tom Pickens,X,X,X
Tom Poe,X,X,X
Tom T &,X,,
Tom Thompson,X,X,X
Tom Thompson &,X,X,
Tom Thumb,X,X,X
Tom Thurston,X,X,X
Tomlinson,X,,X
Tommy Arthur,X,X,X
Tompson,X,X,X
Tottens,,X,
Town,,X,
Townes,,X,X
Townsend,X,X,X
Towson,X,X,X
Trappier,X,,X
Tre,X,X,X
Treachery,,X,
Treasurer,X,X,X
Trenholm,X,X,X
Trenholms,,X,X
Trescot,X,X,X
Trescott,X,X,X
Tresevant,X,X,X
Trimmier,X,X,X
Trimmiers,X,X,X
Trott,X,X,
Trotter,X,X,X
Troy,,X,
Trustees of,X,,
Tu,X,X,X
Tues,X,,
Tugaloo,X,X,X
Tully Bolling,X,X,X
Tulula,X,X,X
Tupper,X,X,X
Turnbull,X,X,X
Turner,X,X,X
Tuttle,X,X,X
Tutwiler,X,X,X
Tyler,,X,X
Uncle Robert Foster,,X,
Underwood,X,X,X
Unitarian,,X,X
Van Buren,X,X,X
Van Dorn,,X,
Van Wyck,X,X,X
Vance,,X,
Vance &,,X,X
Vance & Isaac Bryan,X,,
Vann Wycks,,X,X
Vardry,X,,X
Vardry McBee,,,X
Verdier,X,X,X
Verner,,X,
Vernon,X,X,X
Vest,X,,
Vickorys,,X,
Victoria] Murdens,,,X
Villepigue,X,X,X
Virgil,X,X,X
Volunteer,X,,X
Vonness,,,X
W,X,X,
W  Hayne,X,X,X
W. Gilmore Simms,X,X,X
W. H. Perry,X,X,X
W. Lee,X,X,X
W. Thompson,X,X,X
W.A. McDaniel,X,X,X
W.A. Pringle,,X,
W.A.] Mooneys,,,X
W.C. Preston,X,X,X
W.H. Cooper,,X,X
W.H. Perry,X,X,X
W.H.M.,,,X
W.H.M. Perry,X,X,
W.M. Thomas,X,X,X
W.S. Lawton,X,X,X
WHayne,X,,X
W[illiam,,X,
W[illiam] H[enry] Foote,X,,
Waddle,X,X,X
"Waddle, Poinsett",,,X
Waddy,X,X,X
Waddy Thompson,X,X,X
Waddy Williams,X,X,X
Waddy] Thompson,,,X
Wade Hampton,X,X,X
Wade Hampton Jr.,X,X,X
Wagener,X,,X
Wagner,X,X,X
Wagoner,,,X
Waistcot,X,X,X
Waldo,X,X,X
Walhalla,,X,X
Walker,X,X,X
Walker & Jane,X,X,
Wallace,X,X,X
Wallace Thompson,X,X,X
Wallace Thompson of Union,,X,
Wallace Thompsons,,X,X
Wallaces,,X,X
Waller R. Lane,X,X,X
Walter,X,X,X
Ward,X,X,X
Wardlaw,X,X,X
Wardlaws,X,X,X
Ware,,,X
Wares,X,X,X
Warren,X,X,X
Warren Davis,X,X,X
Washington,X,X,X
Water,,X,
Water Loo,X,X,X
Waterloo,X,X,
Watson,X,X,X
Watsons,X,X,X
Watts,X,X,X
Waverly Stairly,X,,
Wayne,,X,
Wear,X,,
Wearns,,X,X
Webb,X,X,X
Webster,X,X,X
Wee,,X,
Weldon,X,,X
Wellborn Perry,X,X,X
Wells,X,X,X
Wenext Landry,,X,X
Wes Cary,X,X,X
West,X,X,X
Westfield,X,X,X
Westmoreland,X,,
Westmorelands,,,X
Whal[e]y,X,X,X
Whaley,,X,X
Whaleys Resolutions,X,X,
Wheaton,X,X,X
Wheeler,X,X,X
Whether Walker,,,X
Whigs,X,X,X
Whitaker,X,X,X
White,X,,
Whiteford Smith,X,X,X
Whitemarsh B. Seabrook,X,X,X
Whitmore,X,X,X
Whitner,X,X,X
Whitner & Col,,X,
Whitten,X,,
Wigfall,X,X,X
Wigg,,X,X
Wightman,X,X,X
Wiley,X,X,X
Wiliam John,X,,
Wiliam John],,,X
Wilie,X,,X
Wilies,,,X
Will,X,,
Will Butler,X,X,X
Will Coxs,X,X,X
Willa,,X,X
Willey,,,X
William,X,X,X
William & Annas,,,X
William A. Williams,X,X,X
William Adolphus,,X,
William Adolphus] Mooney,X,,X
William Adolphus] Mooney &,X,,X
William Aiken,X,X,
William Aiken],,,X
William Alexander,X,X,
William Alexander],,X,X
William B & B,X,X,
William Boyce,,,X
William Boyce Governor,X,X,
William Butler,X,X,X
William Butlers,X,X,X
William C. Preston,X,X,X
William Calhoun,X,X,X
William Campbell,X,X,
William Campbell] Preston,,,X
William Dalrymple,,X,
William Dalrymple] Johnson,X,,X
William Dunlap,X,X,
William Dunlap] Simpson,X,,X
William Dunlap] Simpson &,,,X
William Easl[e]y,X,X,X
William Edward,X,,
William Edward],X,,
William Edward] Martin,,,X
William Elliot,X,X,X
William Elliott,X,X,X
William Ferguson,X,X,
William Ferguson] Hutson,,,X
William Ford,X,,
William Ford],,,X
William Fuller,X,X,X
William Gilnore,,X,
William Gilnore] Simms,X,,X
William H. Perry,X,X,X
William H.C.,,X,
William H.C.],,,X
William H.C.] Whiting,X,,
William H.] Thomas,X,,X
William Hayne,X,X,X
William Hayne Perry,X,X,X
William Henry],,,X
William Henry] Millburns,X,,X
William Henry] White,X,,
William J.,,X,
William J.] Hardee,X,,X
William Jacobs,X,X,X
William John] Grayson,X,X,X
William Johnson,X,X,X
William L.] Yancey,X,X,X
William Lawton,X,X,X
William Lewis] Sharkey,X,,X
William Lowndes,,,X
William Lyles,X,X,X
William Martin,X,X,X
William Mauldins,X,X,X
William McCreight,X,X,X
William Mills,X,X,X
William O[rlando,X,,X
William O[rlando] Butler,,X,
William Perry,X,X,X
William Pierce,,X,
William Pierce],,,X
William Pierce] Price,X,,
William Pinckney,X,X,
William Pinckney] McBee &,,,X
William R.],X,,X
William R.] Taber,X,,X
William R.] Tabr,X,,
William Rowland,X,X,
William S.],,X,
William S.] Archer,X,,X
William Segar,X,X,
William Segar] Archer,,,X
William Sidney,,X,
William Sidney] Mullins,X,,X
William Smith,X,X,X
William Taylor,X,X,X
William Thompson,X,X,X
William Wallace,X,X,X
William Williams,X,X,X
William] Aiken,X,,X
William] Blanding,,,X
William] Faber,X,,X
Williams,X,X,X
Williams Regiment,X,X,X
Williamston,,X,X
Willie,X,X,X
Willie  What,X,,
Willie $,,X,X
Willie & Albert Rhetts,X,,
Willie & Anna,,X,
Willie & Anna Saturday,,X,
Willie & Anna Saturday.,,X,
Willie & Frank,,,X
Willie & Lula,,X,
Willie & Robert Duncan,,X,
Willie Beattey,X,X,X
Willie Beattie,X,X,X
Willie Beatties,X,X,X
Willie Butler,X,X,X
Willie Chancellor,,,X
Willie Gill Watson &,X,X,X
Willie I,,X,X
Willie Long,X,X,X
Willie Martin,X,X,X
Willie Mrs.,,,X
Willie Perry,X,X,X
Willie Taylor,X,X,X
Willie a,,,X
Willie at Williamston,,,X
Willie hauls,,X,
Willie last night,,,X
Willie last week,,,X
Willie one,,X,X
Willie only 17,,X,
Willie private Secretary &,,,X
Willie recd,,,X
Willie rece[ive]d,,,X
Willie rece[ive]d $,,X,
Willie rece[ive]d 717,,X,
Willie recei[ve]d,,X,
Willie saince,,,X
Willie saince Ed Stokes,,X,
Willie that Frank,,,X
Willie the,,,X
Willie the other day,,,X
Willie this evening,,X,X
Willie three,,X,
Willie tomorrow,,,X
Willie yesterday,,,X
"Willie, Frank,",,X,
"Willie, Frank, Fanny &",,,X
Willie.,,X,
Willington,X,X,X
Willis,X,X,X
Willy,,X,X
Wilmington,X,X,X
Wilson,X,X,X
Winsmith,X,X,X
Winston,X,X,X
Winthrop,X,X,X
Winthrops,X,X,X
Withers,X,X,X
Withers & Frost,,,X
Witherspoon,X,X,X
Wm Elliott,,X,X
Wolf,X,,
Woodward,X,X,X
Woodward Crowly,X,X,X
Wright,X,X,X
Wrights,X,X,X
Write,X,X,X
Wylie,X,X,X
Y Willie,,X,X
Yadkins,,X,X
Yancey,X,X,X
Yancey] Martin,,,X
Yanceys,X,,
Yancy,X,X,X
Yates,,,X
Yeadon,X,X,X
Yeadons,X,X,X
Yeargin,X,X,X
Yhere,X,X,X
Yor,,,X
You,,X,
You Pony,,X,
Youi,,,X
Youir,,,X
Young,X,X,X
Young Austin,X,X,X
Young Buist,,X,
Young Daly,X,X,X
Young DeTreville,X,X,X
Young Gantt,X,X,X
Young Moore,X,X,X
Young Sloan,X,X,X
Young Wade,,X,
Young Wade Hampton,X,,X
Youngs,X,X,
Your,X,,
Your Son,,X,
Yourmyself,,X,X
Ys,X,X,X
Zach Mauldin,X,X,X
Zach Wards,X,,X
Zach Wood,,X,X
Zachary,,X,
Zachary] Taylor,,,X
Zealy,X,X,X
Zeide,,,X
Zimmerman,,X,X
[Albert Micajah,,X,
[Andrew Gordon],,X,
[Andrew Pickens],,X,
[Armistead,,X,
[C.G.,,X,
[Charles Alexander] Thornwell,X,X,
[Charles] Venable,,X,
[Daniel Elliott],,X,
[Daniel Elliott] Huger,,X,
[David Lowry],,X,
[Earl] Van Dorn,X,,
[Edward Bishop] Dudley,,X,
[Francis,,X,
[Francis R.] Lubbock,,X,
[Franklin J.],,X,
[G. Allen] Huggins,,X,
[G.W.] Dargan,,X,
[George A.],,X,
[George D. Tillman,X,,
[George Franklin],,X,
[George Gordon] Meade,,X,
[George] Gliddon,,X,
[George] McDuffie,X,X,
[Henry Clinton] Young,,X,
[Henry] Wilson,,X,
[Hon,X,,
[James M.],,X,
[John Adams] Dix,,X,
[John Belton,,X,
[John Belton] ONeal[l,,X,
[John C.] Calhoun,,X,
[John C.] Calhoun &,X,,
[John Charles,,X,
[John Charles] McClenaghan,,X,
[John Izard] Middleton,X,X,
[John Izard] Middleton & DeSaussure &,,X,
[John J.] Crittenden,,X,
[John L. Manning,,X,
[John LeConte,,X,
[John P.],,X,
[John Pettit,,X,
[John Smyth],,X,
[John Smyth] Richardson,,X,
[John] Livingston,X,X,
[John] Pettit,X,,
[Joseph H.] Bradl[e]y & myself,,X,
[Joseph N.],,X,
[Josiah James],,X,
[Lewis] Cass,X,,
[Milledge L.],,X,
[Milledge Luke,,X,
[Moses Cohen] Mordecai,,X,
[Olin Miller,,X,
[Oliver Evans] Edwards,,X,
[Ozey Robert] Broyles,,X,
[Perry Emory,,X,
[Perry Emory] Duncan,,X,
[Robert Brown],,X,
[Robert Wilson,,X,
[Robert Wilson] Gibbes & [Francis Hugh] Wardlaw,,X,
[Samuel Henry] Dickson & Judge,,X,
[Samuel] Hoar,,X,
[Samuel] Mauldin,,X,
[Thomas,X,,
[Thomas Martin] Wagner,X,X,
[Thomas Stephen],X,,
[William Alexander] Rosborough,X,,
[William Dunlap] Simpson of Laurens,,X,
[William Edward] Martin,,X,
[William Ford,,X,
[William H.],,X,
[William Henry] Millburns,,X,
[William Henry] White,,X,
[William Lewis] Sharkey,,X,
[William Lowndes],X,,
[William Lowndes] Yancey,,X,
[William R.],,X,
[William R.] Taber.,,X,
[William Sidney] Mullins,,X,
[William] Blanding,X,X,
] F. McCaw of,X,,
a Bowie Knife,,X,
a Miss,,,X
a Miss Bobo,,X,
a Miss Kincade,,,X
a P. Script,X,,
a Tennyson Lecture,,X,
a.,,,X
acap,,X,
al,X,X,X
allum,,X,
allum pounded,,,X
anball,X,,
another Becky Sharp,,,X
another William Smith,,,X
"banners,&c",X,X,
ben,X,X,X
ben Yancey,X,X,X
botha beautiful Box,,,X
bowie,,X,X
carpenter,,,X
deTreville,X,X,
dea Liz,,X,
diar[r]hea,X,X,
drank,X,,
epistle,,X,
god,,X,
godson,,X,
harrow,,,X
henry,,X,X
inkstand ivory,X,,
inson,X,X,X
ivory match box,X,,
kindlysaid,,X,
kinsman Robert Harris,,X,
knifeAnna,X,X,
ladies Concert,,X,
ladiesin,,X,
lonesome,,X,
madam,,X,
maggie,,X,X
marry Arnold,X,,
marry Williams,X,,
marry boysno,X,,
martin,X,X,X
martin seemed kind &,X,,
martin this morning,,,X
mew,,X,
mistry,,X,X
morniong,,X,
mostin,X,X,
nelson,X,,X
nexzt,,,X
nick,,,X
noof,,X,
noor,,,X
noor lover,,X,
ouy,,X,
parlor ball,X,,
perry,,X,X
rang a,X,,
rece[iv]ed,,,X
rece[ive]d Col,,X,
sawCrittenden,X,,X
seeButlers,,X,
sherry wine,,,X
strawberry pies,X,,
taylor,X,X,X
thanCroft,X,,
thao,,,X
the Davis Guards,X,,
the Lunatic Asylum,,X,
the Memorial of the Students,,,X
the Miss Alstons,,X,
theis,,,X
toen,,X,
tomy,,,X
uncle Arthur,,X,
uncle Col,,X,
uncle Hayne,,X,
uncle McCall,,X,
weas,,X,
worrys,,X,
yesterdayan,,X,
you & anna,,X,
yp,,X,X
z\I,X,,
{Joel Roberts] Poinsett,X,X,X
