letter_number,date,sent_from,sent_to_location,recipient,sender,filename
1,2 May 1842,Columbia,Greenville,Mrs. Elizabeth Perry,B.F. Perry,BFPerry_Letter1.txt
2,20 November 1842,Newberry CH,Greenville,Mrs. Elizabeth Perry,B.F. Perry,BFPerry_Letter2.txt
3,28 November 1842,Columbia,Greenville,Mrs. Elizabeth Perry,B.F. Perry,BFPerry_Letter3.txt
4,1 December 1842,Columbia,Greenville,Mrs. Elizabeth Perry,B.F. Perry,BFPerry_Letter4.txt
5,5 December 1842,Columbia,Greenville,Mrs. Elizabeth Perry,B.F. Perry,BFPerry_Letter5.txt
6,7 December 1842,Columbia,Greenville,Mrs. Elizabeth Perry,B.F. Perry,BFPerry_Letter6.txt
7,11 December 1842,Columbia,,Mrs. Elizabeth Perry,B.F. Perry,BFPerry_Letter7.txt
8,11 December 1842,,Greenville,Mrs. B. F. Perry,B.F. Perry,BFPerry_Letter8.txt
9,11 October 1843,Laurens C. House,Greenville,Mrs. Elizabeth Perry,B.F. Perry,BFPerry_Letter9.txt
10,24 October 1843,Anderson C.H.,Greenville,Mrs. Elizabeth Perry,B.F. Perry,BFPerry_Letter10.txt
11,20 May 1844,Columbia,Greenville,Mrs. Elizabeth Perry,B.F. Perry,BFPerry_Letter11.txt
12,27 May 1844,Court House Columbia,Greenville,Mrs. Elizabeth Perry,B.F. Perry,BFPerry_Letter12.txt
13,15 October 1844,Laurens C.H.,Greenville,Mrs. Elizabeth Perry,B.F. Perry,BFPerry_Letter13.txt
14,17 October 1844,Laurens C.H.,Greenville,Mrs. Elizabeth Perry,B.F. Perry,BFPerry_Letter14.txt
15,26 November 1844,Columbia,Greenville,Mrs. Elizabeth Perry,B.F. Perry,BFPerry_Letter15.txt
16,24 November 1844,Columbia,Greenville,Mrs. Elizabeth Perry,B.F. Perry,BFPerry_Letter16.txt
17,29 November 1844,Columbia,Greenville,Mrs. Elizabeth Perry,B.F. Perry,BFPerry_Letter17.txt
18,8 December 1844,Columbia,Greenville,Mrs. Elizabeth Perry,B.F. Perry,BFPerry_Letter18.txt
19,9 December 1844,Columbia,Greenville,Mrs. Elizabeth Perry,B.F. Perry,BFPerry_Letter19.txt
20,11 December 1844,Columbia,Greenville,Mrs. Elizabeth Perry,B.F. Perry,BFPerry_Letter20.txt
21,13 December 1844,Columbia,Greenville,Mrs. Elizabeth Perry,B.F. Perry,BFPerry_Letter21.txt
22,22 December 1844,Columbia,Greenville,Mrs. Elizabeth Perry,B.F. Perry,BFPerry_Letter22.txt
23,11 March 1845,Laurens CH,Greenville,Mrs. Elizabeth Perry,B.F. Perry,BFPerry_Letter23.txt
24,12 May 1845,Columbia,Greenville,Mrs. Elizabeth Perry,B.F. Perry,BFPerry_Letter24.txt
25,20 June 1845,Pickens C.H.,Greenville,Mrs. Elizabeth Perry,B.F. Perry,BFPerry_Letter25.txt
26,14 October 1845,Laurens C.H.,Greenville,Mrs. Elizabeth Perry,B.F. Perry,BFPerry_Letter26.txt
27,16 October 1845,Columbia,Greenville,Mrs. B.F. Perry,B.F. Perry,BFPerry_Letter27.txt
28,26 October 1845,Laurens C.H.,Greenville,William Perry,B.F. Perry,BFPerry_Letter28.txt
29,23 November 1845,Columbia,Greenville,Mrs. Elizabeth Perry,B.F. Perry,BFPerry_Letter29.txt
30,26 November 1845,Columbia,Greenville,Mrs. Elizabeth Perry,B.F. Perry,BFPerry_Letter30.txt
31,28 November 1845,Columbia,Greenville,Mrs. Elizabeth Perry,B.F. Perry,BFPerry_Letter31.txt
32,1 December 1845,Columbia,Greenville,Mrs. Elizabeth Perry,B.F. Perry,BFPerry_Letter32.txt
33,3 December 1845,Columbia,Greenville,Mrs. Elizabeth Perry,B.F. Perry,BFPerry_Letter33.txt
34,5 December 1845,Columbia,Greenville,Mrs. Perry,B.F. Perry,BFPerry_Letter34.txt
35,8 December 1845,Columbia,Greenville,Mrs. Elizabeth Perry,B.F. Perry,BFPerry_Letter35.txt
36,12 December 1845,Columbia,Water Loo P.O.,Mrs. Elizabeth Perry,B.F. Perry,BFPerry_Letter36.txt
37,10 March 1846,Laurens C.H.,Greenville,Mrs. Elizabeth Perry,B.F. Perry,BFPerry_Letter37.txt
38,12 May 1846,Columbia,Greenville,Mrs. Elizabeth Perry,B.F. Perry,BFPerry_Letter38.txt
39,3 July 1846,Columbia,Greenville,Mrs. Elizabeth Perry,B.F. Perry,BFPerry_Letter39.txt
40,6 July 1846,Washington D.C.,Greenville,Mrs. Elizabeth Perry,B.F. Perry,BFPerry_Letter40.txt
41,10 July 1846,Washington,Greenville,Mrs. Elizabeth Perry,B.F. Perry,BFPerry_Letter41.txt
42,12 July 1846,Washington,Greenville,Mrs. Elizabeth Perry,B.F. Perry,BFPerry_Letter42.txt
43,12 July 1846,Washington,Greenville,Mrs. Elizabeth Perry,B.F. Perry,BFPerry_Letter43.txt
44,13 July 1846,Washington,Greenville,Mrs. Elizabeth Perry,B.F. Perry,BFPerry_Letter44.txt
45,15 July 1846,Washington,Greenville,Mrs. Elizabeth Perry,B.F. Perry,BFPerry_Letter45.txt
46,18 July 1846,Philadelphia,Greenville,Mrs. Elizabeth Perry,B.F. Perry,BFPerry_Letter46.txt
47,20 July 1846,New York,Greenville,Mrs. Elizabeth Perry,B.F. Perry,BFPerry_Letter47.txt
48,22 July 1846,Albany,Greenville,Mrs. Elizabeth Perry,B.F. Perry,BFPerry_Letter48.txt
49,31 July 1846,Saratoga Springs,Greenville,Mrs. Elizabeth Perry,B.F. Perry,BFPerry_Letter49.txt
50,3 August 1846,Kinder Hook,Greenville,Mrs. Elizabeth Perry,B.F. Perry,BFPerry_Letter50.txt
51,4 August 1846,New Haven,Greenville,Mrs. Elizabeth Perry,B.F. Perry,BFPerry_Letter51.txt
52,6 August 1846,Boston,Greenville,Mrs. Elizabeth Perry,B.F. Perry,BFPerry_Letter52.txt
53,7 August 1846,Boston,Greenville,Mrs. Elizabeth Perry,B.F. Perry,BFPerry_Letter53.txt
54,12 August 1846,Richmond,Greenville,Mrs. Elizabeth Perry,B.F. Perry,BFPerry_Letter54.txt
55,28 October 1846,Anderson C.H.,Greenville,Mrs. Elizabeth Perry,B.F. Perry,BFPerry_Letter55.txt
56,29 October 1846,Anderson,Greenville,Mrs. Elizabeth Perry,B.F. Perry,BFPerry_Letter56.txt
57,3 November 1846,Pickens,Greenville,Mrs. Elizabeth Perry,B.F. Perry,BFPerry_Letter57.txt
58,24 November 1846,Columbia,Charleston,Mrs. Elizabeth Perry,B.F. Perry,BFPerry_Letter58.txt
59,26 November 1846,Columbia,Charleston,Mrs. Elizabeth Perry,B.F. Perry,BFPerry_Letter59.txt
60,29 November 1846,Columbia,Charleston,Mrs. Elizabeth Perry,B.F. Perry,BFPerry_Letter60.txt
61,2 December 1846,Columbia,Charleston,Mrs. Elizabeth Perry,B.F. Perry,BFPerry_Letter61.txt
62,5 December 1846,Columbia,Charleston,Mrs. Elizabeth Perry,B.F. Perry,BFPerry_Letter62.txt
63,7 December 1846,Columbia,Charleston,Mrs. Elizabeth Perry,B.F. Perry,BFPerry_Letter63.txt
64,8 December 1846,Columbia,Charleston,Mrs. Elizabeth Perry,B.F. Perry,BFPerry_Letter64.txt
65,9 December 1846,Columbia,Charleston,Mrs. Elizabeth Perry,B.F. Perry,BFPerry_Letter65.txt
66,16 December 1846,Columbia,Greenville,Mrs. Elizabeth Perry,B.F. Perry,BFPerry_Letter66.txt
67,1864,Columbia,,Mrs. Elizabeth Perry,B.F. Perry,BFPerry_Letter67.txt
68,1864,Columbia,Greenville,Mrs. Elizabeth Perry,B.F. Perry,BFPerry_Letter68.txt
69,3 March 1847,Spartanburgh,Greenville,Mrs. Elizabeth Perry,B.F. Perry,BFPerry_Letter69.txt
70,9 March 1847,Laurens C.H.,Greenville,Mrs. Elizabeth Perry,B.F. Perry,BFPerry_Letter70.txt
71,,,Greenville,Mrs. Elizabeth Perry,B.F. Perry,BFPerry_Letter71.txt
72,23 March 1847,Anderson C.H.,Greenville,Mrs. Elizabeth Perry,B. F. Perry,BFPerry_Letter72.txt
73,10 May 1847,Columbia,Greenville,Mrs. Elizabeth Perry,B.F. Perry,BFPerry_Letter73.txt
74,13 May 1847,Columbia,,Mrs. Elizabeth Perry,B.F. Perry,BFPerry_Letter74.txt
75,14 May 1847,Columbia,Greenville,Mrs. Elizabeth Perry,B.F. Perry,BFPerry_Letter75.txt
76,16 May 1847,Columbia,Greenville,Mrs. Elizabeth Perry,B.F. Perry,BFPerry_Letter76.txt
77,20 May 1847,Columbia,Greenville,Mrs. Elizabeth Perry,B.F. Perry,BFPerry_Letter77.txt
78,7 June 1847,Spartanburgh,Greenville,Mrs. Elizabeth Perry,B.F. Perry,BFPerry_Letter78.txt
79,21 June 1847,Anderson,Greenville,Mrs. Elizabeth Perry,B.F. Perry,BFPerry_Letter79.txt
80,3 November 1847,Pickens C.H.,Greenville,Mrs. Elizabeth Perry,B.F. Perry,BFPerry_Letter80.txt
81,3 November 1847,Pickens C.H.,Greenville,Mrs. Elizabeth Perry,B.F. Perry,BFPerry_Letter81.txt
82,22 November 1847,Columbia,Greenville,Mrs. Elizabeth Perry,B.F. Perry,BFPerry_Letter82.txt
83,24 November 1847,Columbia,Greenville,Mr. W.H.M. Perry,B.F. Perry,BFPerry_Letter83.txt
84,24 November 1847,Columbia,Greenville,Mrs. Elizabeth Perry,B.F. Perry,BFPerry_Letter84.txt
85,26 November 1847,Columbia,Greenville,Mrs. Elizabeth Perry,B.F. Perry,BFPerry_Letter85.txt
86,29 November 1847,Columbia,Greenville,Mrs. Elizabeth Perry,B.F. Perry,BFPerry_Letter86.txt
87,30 November 1847,Columbia,Greenville,Mrs. Elizabeth Perry,B.F. Perry,BFPerry_Letter87.txt
88,1 December 1847,Columbia,Greenville,W.H.M. Perry,B.F. Perry,BFPerry_Letter88.txt
89,2 December 1847,Columbia,Greenville,Mrs. Elizabeth Perry,B.F. Perry,BFPerry_Letter89.txt
90,4 December 1847,Columbia,Greenville,Mrs. Elizabeth Perry,B.F. Perry,BFPerry_Letter90.txt
91,6 December 1847,Columbia,Columbia,Mrs. Elizabeth Perry,B.F. Perry,BFPerry_Letter91.txt
92,8 December 1847,Columbia,Greenville,Mrs. Elizabeth Perry,B.F. Perry,BFPerry_Letter92.txt
93,10 December 1847,Columbia,Greenville,Mrs. Elizabeth Perry,B.F. Perry,BFPerry_Letter93.txt
94,12 December 1847,Columbia,,Mrs. Elizabeth Perry,B.F. Perry,BFPerry_Letter94.txt
95,,,Greenville,Mrs. Elizabeth Perry,B.F. Perry,BFPerry_Letter95.txt
96,13 December 1847,Columbia,Greenville,Mrs. Elizabeth Perry,B.F. Perry,BFPerry_Letter96.txt
97,17 December 1847,Columbia,,Mrs. Elizabeth Perry,B.F. Perry,BFPerry_Letter97.txt
98,,,Greenville,Mrs. Elizabeth Perry,B.F. Perry,BFPerry_Letter98.txt
99,1847,Anderson C.H.,Greenville,Mrs. Elizabeth Perry,B.F. Perry,BFPerry_Letter99.txt
100,13 March 1848,Laurens C.H.,Waterloo P.O.,Mrs. Elizabeth Perry,B.F. Perry,BFPerry_Letter100.txt
101,28 March 1848,Anderson C.H.,Greenville,Mrs. Elizabeth Perry,B.F. Perry,BFPerry_Letter101.txt
102,25 April 1848,Laurens C.H.,,Mrs. Elizabeth Perry,B.F. Perry,BFPerry_Letter102.txt
103,,,Greenville,Mrs. Elizabeth Perry,B.F. Perry,BFPerry_Letter103.txt
104,8 May 1848,Columbia,Greenville,Mrs. Elizabeth Perry,B.F. Perry,BFPerry_Letter104.txt
105,10 May 1848,Columbia,Greenville,Mrs. Elizabeth Perry,B.F. Perry,BFPerry_Letter105.txt
106,19 June 1848,Anderson C.H.,Greenville,Mrs. Elizabeth Perry,B.F. Perry,BFPerry_Letter106.txt
107,30 June 1848,Laurens C.H.,Greenville,Mrs. Elizabeth Perry,B.F. Perry,BFPerry_Letter107.txt
108,2 July 1848,Laurens C.H.,Greenville,Mrs. Elizabeth Perry,B.F. Perry,BFPerry_Letter108.txt
109,17 July 1848,Lauren C.H.,Greenville,Mrs. Elizabeth Perry,B.F. Perry,BFPerry_Letter109.txt
110,29 July 1848,Greenville,Pendleton,Major T.J. Wright,B.F. Perry,BFPerry_Letter110.txt
111,14 September 1848,Laurens C.H.,Greenville,Mrs. Elizabeth Perry,B.F. Perry,BFPerry_Letter111.txt
112,10 October 1848,Laurens C.H.,Greenville,Mrs. Elizabeth Perry,B.F. Perry,BFPerry_Letter112.txt
113,18 October 1848,Laurens C.H.,Greenville,Mrs. Elizabeth Perry,B.F. Perry,BFPerry_Letter113.txt
114,23 October 1848,Anderson C.H.,Greenville,Mrs. Elizabeth Perry,B.F. Perry,BFPerry_Letter114.txt
115,29 November 1848,Columbia,Greenville,Mrs. Elizabeth Perry,B.F. Perry,BFPerry_Letter115.txt
116,November 1848,Columbia,,Mrs. Elizabeth Perry,B.F. Perry,BFPerry_Letter116.txt
117,1848,Columbia,Greenville,Mrs. Elizabeth Perry,B.F. Perry,BFPerry_Letter117.txt
118,1848,Columbia,Greenville,Mrs. Elizabeth Perry,B.F. Perry,BFPerry_Letter118.txt
119,1848,Columbia,Greenville,Mrs. Elizabeth Perry,B.F. Perry,BFPerry_Letter119.txt
120,1848,Columbia,Greenville,Mrs. Elizabeth Perry,B.F. Perry,BFPerry_Letter120.txt
121,1848,Pickens C.H.,Greenville,Mrs. Elizabeth Perry,B.F. Perry,BFPerry_Letter121.txt
122,1848,Pickens C.H.,Greenville,Mrs. Elizabeth Perry,B.F. Perry,BFPerry_Letter122.txt
123,1848,Pickens C.H.,Greenville,Mrs. Elizabeth Perry,B.F. Perry,BFPerry_Letter123.txt
124,1848,Pickens C.H.,Greenville,Mrs. Elizabeth Perry,B.F. Perry,BFPerry_Letter124.txt
125,1848,Columbia,Greenville,Mrs. Elizabeth Perry,B.F. Perry,BFPerry_Letter125.txt
126,1848,Columbia,Greenville,Mrs. Elizabeth Perry,B.F. Perry,BFPerry_Letter126.txt
127,1848,Laurens C.H.,,Mrs. Perry,B.F. Perry,BFPerry_Letter127.txt
128,1848,Pickens C.H.,Greenville,Mrs. Elizabeth Perry,B.F. Perry,BFPerry_Letter128.txt
129,11 May 1849,Columbia,Greenville,Mrs. Elizabeth Perry,B.F. Perry,BFPerry_Letter129.txt
130,13 May 1849,Columbia,Greenville,Mrs. Elizabeth Perry,,BFPerry_Letter130.txt
131,May 1849,Columbia,,Mrs. Elizabeth Perry, B.F. Perry,BFPerry_Letter131.txt
132,18 June 1849,Anderson C.H.,Greenville,Mrs. Elizabeth Perry,B.F. Perry,BFPerry_Letter132.txt
133,June 1849,Spartanburgh,Greenville,Mrs. Elizabeth Perry,B.F. Perry,BFPerry_Letter133.txt
134,23 October 1849,Anderson C.H.,Greenville,Mrs. Elizabeth Perry,B.F Perry,BFPerry_Letter134.txt
135,24 October 1849,Anderson C.H.,Greenville,Mrs. Elizabeth Perry,B.F. Perry,BFPerry_Letter135.txt
136,29 October 1849,Pickens,Greenville,Mrs. Elizabeth Perry,B.F. Perry,BFPerry_Letter136.txt
137,13 November 1849,Laurens C.H.,Greenville,Mrs. Elizabeth Perry,B.F. Perry,BFPerry_Letter137.txt
138,15 November 1849,Laurens C.H.,Greenville,Mrs. Elizabeth Perry,B.F. Perry,BFPerry_Letter138.txt
139,26 November 1849,Columbia,Greenville,Mrs. Elizabeth Perry,B.F. Perry,BFPerry_Letter139.txt
140,30 November 1849,Columbia,Greenville,Mrs. Elizabeth Perry,B.F. Perry,BFPerry_Letter140.txt
141,2 December 1849,Columbia,Greenville,Mrs. Elizabeth Perry,B.F. Perry,BFPerry_Letter141.txt
142,3 December 1849,Columbia,Greenville,Mrs. Elizabeth Perry,B.F. Perry,BFPerry_Letter142.txt
143,6 December 1849,Columbia,Greenville,Mrs. Elizabeth Perry,B.F. Perry,BFPerry_Letter143.txt
144,7 December 1849,Columbia,Greenville,Anna Perry,B.F. Perry,BFPerry_Letter144.txt
145,9 December 1849,Columbia,Greenville,Mrs. Elizabeth Perry,B.F. Perry,BFPerry_Letter145.txt
146,12 December 1849,Columbia,Greenville,Mrs. Elizabeth Perry,B.F. Perry,BFPerry_Letter146.txt
147,14 December 1849,Columbia,Greenville,Mrs. Elizabeth Perry,B.F. Perry,BFPerry_Letter147.txt
148,16 December 1849,Columbia,Greenville,Mrs. Elizabeth Perry,B.F. Perry,BFPerry_Letter148.txt
149,18 December 1849,Columbia,,Mrs. Elizabeth Perry,B.F. Perry,BFPerry_Letter149.txt
150,13 March 1850,Laurens C.H.,Greenville,Mrs. Elizabeth Perry,B.F. Perry,BFPerry_Letter150.txt
151,15 March 1850,Laurens C.H.,Greenville,Mrs. Elizabeth Perry,B.F. Perry,BFPerry_Letter151.txt
152,28 March 1850,Anderson C.H.,Greenville,Mrs. Elizabeth Perry,B.F. Perry,BFPerry_Letter152.txt
153,2 April 1850,Pickens C.H.,Greenville,Mrs. Elizabeth Perry,B.F. Perry,BFPerry_Letter153.txt
154,17 April 1850,Laurens C.H.,Greenville,Mrs. Elizabeth Perry,B.F. Perry,BFPerry_Letter154.txt
155,April 1859,Pickens C.H.,Greenville,Mrs. Elizabeth Perry,B.F. Perry,BFPerry_Letter155.txt
156,6 May 1850,Columbia,Greenville,Mrs. Elizabeth Perry,B.F. Perry,BFPerry_Letter156.txt
157,9 May 1850,Columbia,Greenville,Mrs. Elizabeth Perry,B.F. Perry,BFPerry_Letter157.txt
158,10 May 1850,Columbia,Greenville,Mrs. Elizabeth Perry,B.F. Perry,BFPerry_Letter158.txt
159,12 May 1850,Columbia,Greenville,Mrs. Elizabeth Perry,B.F. Perry,BFPerry_Letter159.txt
160,28 June 1850,Laurens C.H.,Greenville,Mrs. Elizabeth Perry,B.F. Perry,BFPerry_Letter160.txt
161,24 November 1850,Columbia,Greenville,Mrs. Elizabeth Perry,B.F. Perry,BFPerry_Letter161.txt
162,27 November 1850,Columbia,Greenville,Mrs. Elizabeth Perry,B.F. Perry,BFPerry_Letter162.txt
163,30 November 1850,Columbia,Greenville,Mrs. Elizabeth Perry,B.F. Perry,BFPerry_Letter163.txt
164,2 December 1850,Columbia,The weather is now very warm & wet.  When it clears off it will probably turn coldif so have the hogs killed.,The great debate commences tomorrow on the Southern question.  It will continue for a week or ten days.  My impression is that a convention will be called & what then I know not.  They are beginning to despair of Georgia & a Southern congress doing anything.  The Augusta Chronicle Sentinel is now sent to me in Columbia.  The State of Georgia has gone for the Union by thirty thousand votes.,,BFPerry_Letter164.txt
165,,,Greenville,Mrs. Elizabeth Perry,B.F. Perry,BFPerry_Letter165.txt
166,4 December 1850,Columbia,Greenville,Mrs. Elizabeth Perry,B.F. Perry,BFPerry_Letter166.txt
167,8 December 1850,Columbia,Greenville,Mrs. Elizabeth Perry,B.F. Perry,BFPerry_Letter167.txt
168,10 December 1850,Columbia,Greenville,Mrs. Elizabeth Perry,B.F. Perry,,BFPerry_Letter169.txt
170,15 December 1850,Columbia,Greenville,Mrs. Elizabeth Perry,B.F. Perry,BFPerry_Letter170.txt
171,17 December 1850,Columbia,Greenville,Mrs. Elizabeth Perry,B.F. Perry,BFPerry_Letter171.txt
172,19 December 1850,Columbia,Greenville,Mrs. Elizabeth Perry,B.F. Perry,BFPerry_Letter172.txt
173,19 December 1850,Columbia,Greenville,Mrs. Elizabeth Perry,B.F. Perry,BFPerry_Letter173.txt
174,14 April 1851,Charleston,Greenville,Mrs. Elizabeth Perry,B.F. Perry,BFPerry_Letter174.txt
175,3 June 1851,Spartanburgh C.H.,Greenville,Mrs. Elizabeth Perry,B.F. Perry,BFPerry_Letter175.txt
176,7 June 1851,Laurens C.H.,Greenville,Mrs. Elizabeth Perry,B.F. Perry,BFPerry_Letter176.txt
177,15 June 1851,Anderson,Greenville,Mrs. Elizabeth Perry,B.F. Perry,BFPerry_Letter177.txt
178,14 October 1851,Laurens C.H.,Greenville,Mrs. Elizabeth Perry,B.F. Perry,BFPerry_Letter178.txt
179,24 November 1851,Columbia,Greenville,Mrs. Elizabeth Perry,B.F. Perry,BFPerry_Letter179.txt
180,25 November 1851,Columbia,Greenville,Mrs. Elizabeth Perry,B.F. Perry,BFPerry_Letter180.txt
181,27 November 1851,Columbia,Greenville,Mrs. Elizabeth Perry,B.F. Perry,BFPerry_Letter181.txt
182,28 November 1851,Columbia,Greenville,Mrs. Elizabeth Perry,B.F. Perry,BFPerry_Letter182.txt
183,28 November 1851,Columbia,Greenville,Mrs. Elizabeth Perry,B.F. Perry,BFPerry_Letter183.txt
184,26 April 1852,Columbia,Greenville,Miss Anna Perry,B.F. Perry,BFPerry_Letter184.txt
185,27 April 1852,Columbia,Greenville,Mrs. Elizabeth Perry,B.F. Perry,BFPerry_Letter185.txt
186,29 April 1852,Columbia,Greenville,Mrs. Elizabeth Perry,B.F. Perry,BFPerry_Letter186.txt
187,1 May 1852,Columbia,Greenville,Mrs. Elizabeth Perry,B.F. Perry,BFPerry_Letter187.txt
188,3 May 1852,Columbia,Greenville,Mrs. Elizabeth Perry,B.F. Perry,BFPerry_Letter188.txt
189,21 June 1852,Anderson C.H.,Greenville,Mrs. Elizabeth Perry,B.F. Perry,BFPerry_Letter189.txt
190,29 September 1852,Mineral Springs,Greenville,Mrs. Elizabeth Perry,B.F. Perry,BFPerry_Letter190.txt
191,6 October 1852,Anderson C.H.,Greenville,Mrs. Elizabeth Perry,B.F. Perry,BFPerry_Letter191.txt
192,26 November 1852,Columbia,Greenville,Mrs. Elizabeth Perry,B.F. Perry,BFPerry_Letter192.txt
193,27 November 1852,Columbia,Greenville,Mrs. Elizabeth Perry,B.F. Perry,BFPerry_Letter193.txt
194,27 November 1852,Columbia,Greenville,Mrs. Elizabeth Perry,B.F. Perry,BFPerry_Letter194.txt
195,27 November 1852,Columbia,Greenville,Mrs. Elizabeth Perry,B.F. Perry,BFPerry_Letter195.txt
196,29 November 1852,Columbia,Greenville,Mrs. Elizabeth Perry,B.F. Perry,BFPerry_Letter196.txt
197,1 December 1852,Columbia,Greenville,Mrs. Elizabeth Perry,B.F. Perry,BFPerry_Letter197.txt
198,3 December 1852,Columbia,Greenville,Mrs. Elizabeth Perry,B.F. Perry,BFPerry_Letter198.txt
199,3 December 1852,Columbia,Greenville,Mrs. Elizabeth Perry,B.F. Perry,BFPerry_Letter199.txt
200,4 December 1852,Columbia,Greenville,Mrs. Elizabeth Perry,B.F. Perry,BFPerry_Letter200.txt
201,4 December 1852,Columbia,Charleston,Miss Anna Perry,B.F. Perry,BFPerry_Letter201.txt
202,5 December 1852,Columbia,Greenville,Mrs. Elizabeth Perry,B.F. Perry,BFPerry_Letter202.txt
203,7 December 1852,House of Representatives Columbia,,Mrs. Elizabeth Perry,B.F. Perry,BFPerry_Letter203.txt
204,8 December 1852,Columbia,Charleston,Miss Anna Perry,B.F. Perry,BFPerry_Letter204.txt
205,10 December 1852,Columbia,Greenville,Mrs. Elizabeth Perry,B.F. Perry,BFPerry_Letter205.txt
206,10 December 1852,Columbia,Greenville,Mrs. Elizabeth Perry,B.F. Perry,BFPerry_Letter206.txt
207,11 December 1852,Columbia,Greenville,Mrs. Elizabeth Perry,B.F. Perry,BFPerry_Letter207.txt
208,12 December 1852,Columbia,Greenville,Mrs. Elizabeth Perry,B.F. Perry,BFPerry_Letter208.txt
209,13 December 1852,Columbia,Charleston,Miss Anna Perry,B.F. Perry,BFPerry_Letter209.txt
210,13 December 1852,The State House,Greenville,Mrs. Elizabeth Perry,B.F. Perry,BFPerry_Letter210.txt
211,13 December 1852,Columbia,Greenville,Mrs. Elizabeth Perry,,BFPerry_Letter211.txt
212,14 December 1852,Columbia,Greenville,Mrs. Elizabeth Perry,B.F. Perry,BFPerry_Letter212.txt
213,15 December 1852,Columbia,Charleston,Miss Anna Perry,B.F. Perry,BFPerry_Letter213.txt
214,15 December 1852,Columbia,Greenville,Mrs. Elizabeth Perry,B.F. Perry,BFPerry_Letter214.txt
215,16 December 1852,Columbbia,Greenville,Mrs. Elizabeth Perry,B.F. Perry,BFPerry_Letter215.txt
216,January 1854,Pickens C.H.,Greenville,Mrs. Elizabeth Perry,B.F. Perry,BFPerry_Letter216.txt
217,14 February 1853,Columbia,Greenville,Mrs. Elizabeth Perry,B.F. Perry,BFPerry_Letter217.txt
218,17 February 1853,Washington,Greenville,Mrs. Elizabeth Perry,B.F. Perry,BFPerry_Letter218.txt
219,19 February 1853,Washington,Greenville,Mrs. Elizabeth Perry,B.F. Perry,BFPerry_Letter219.txt
220,20 February 1853,Washington City,Greenville,Mrs. Elizabeth Perry,B.F. Perry,BFPerry_Letter220.txt
221,21 February 1853,Washington City,Greenville,Mrs. Elizabeth Perry,B.F. Perry,BFPerry_Letter221.txt
222,22 February 1853,Washington City,Greenville,Mrs. Elizabeth Perry,B.F. Perry,BFPerry_Letter222.txt
223,23 February 1853,Washington City,Greenville,Mrs. Elizabeth Perry,B.F. Perry,BFPerry_Letter223.txt
224,24 February 1853,Washington City,Greenville,Mrs. Elizabeth Perry,B.F. Perry,BFPerry_Letter224.txt
225,25 February 1853,Washington City,Greenville,Mrs. Elizabeth Perry,B.F.P.,BFPerry_Letter225.txt
226,26 February 1853,Washington City,Greenville,Mrs. Elizabeth Perry,B.F. Perry,BFPerry_Letter226.txt
227,27 February 1853,Washington City,Greenville,Mrs. Elizabeth Perry,B.F. Perry,BFPerry_Letter227.txt
228,28 February 1853,Washington City,Greenville,Mrs. Elizabeth Perry,B.F. Perry,BFPerry_Letter228.txt
229,28 February 1853,Washington City,Greenville,Mrs. Elizabeth Perry,B.F. Perry,BFPerry_Letter229.txt
230,1 March 1853,Washington City,Greenville,Mrs. Elizabeth Perry,,BFPerry_Letter230.txt
231,3 March 1853,Washington City,Greenville,Mrs. Elizabeth Perry,B.F. Perry,BFPerry_Letter231.txt
232,3 March 1853,Washington City,Greenville,Mrs. Elizabeth Perry,B.F. Perry,BFPerry_Letter232.txt
233,4 March 1285,Washington City,Greenville,Mrs. Elizabeth Perry,B.F. Perry,BFPerry_Letter233.txt
234,4 March 1853,Gadsbys Hotel,,President Pierce,B.F. Perry,BFPerry_Letter234.txt
235,5 March 1853,Washington City,Greenville,Mrs. Elizabeth Perry,B.F. Perry,BFPerry_Letter235.txt
236,6 March 1853,Washington City,Greenville,Mrs. Elizabeth Perry,B.F. Perry,BFPerry_Letter236.txt
237,7 March 1853,Washington City,Greenville,Mrs. Elizabeth Perry,B.F. Perry,BFPerry_Letter237.txt
238,7 March 1853,Washington City,Greenville,Mrs. Elizabeth Perry,B.F. Perry,BFPerry_Letter238.txt
239,8 March 1853,Washington City,Greenville,Mrs. Elizabeth Perry,B.F. Perry,BFPerry_Letter239.txt
240,8 March 1853,Washington City,Greenville,Mrs. Elizabeth Perry,B.F. Perry,BFPerry_Letter240.txt
241,9 March 1853,Washington City,Greenville,Mrs. Elizabeth Perry,B.F. Perry,BFPerry_Letter241.txt
242,10 March 1853,Washington City,Greenville,Mrs. Elizabeth Perry,B.F. Perry,BFPerry_Letter242.txt
243,10 March 1853,Washington City,Greenville,Mrs. Elizabeth Perry,B.F. Perry,BFPerry_Letter243.txt
244,11 March 1853,Washington City,Greenville,Mrs. Elizabeth Perry,B.F. Perry,BFPerry_Letter244.txt
245,11 March 1853,Washington City,Greenville,Mrs. Elizabeth Perry,B.F. Perry,BFPerry_Letter245.txt
246,14 March 1853,Washington City,Greenville,Mrs. Elizabeth Perry,B.F. Perry,BFPerry_Letter246.txt
247,17 March 1853,Washington City,Greenville,Mrs. Elizabeth Perry,B.F. Perry,BFPerry_Letter247.txt
248,18 March 1853,Washington City,Greenville,Mrs. Elizabeth Perry,B.F. Perry,BFPerry_Letter248.txt
249,18 March 1853,Washington City,Greenville,Mrs. Elizabeth Perry,B.F. Perry,BFPerry_Letter249.txt
250,20 March 1853,Washington City,Greenville,Mrs. Elizabeth Perry,B.F. Perry,BFPerry_Letter250.txt
251,21 March 1853,Washington City,Greenville,Mrs. Elizabeth Perry,B.F. Perry,BFPerry_Letter251.txt
252,21 March 1853,Washington City,Greenville,Mrs. Elizabeth Perry,B.F. Perry,BFPerry_Letter252.txt
253,23 March 1853,Washington City,Greenville,Mrs. Elizabeth Perry,B.F. Perry,BFPerry_Letter253.txt
254,23 March 1853,Washington City,Greenville,Mrs. Elizabeth Perry,B.F. Perry,BFPerry_Letter254.txt
255,24 March 1853,Washington City,Greenville,Mrs. Elizabeth Perry,B.F. Perry,BFPerry_Letter255.txt
256,25 March 1853,Washington City,Greenville,Mrs. Elizabeth Perry,B.F. Perry,BFPerry_Letter256.txt
257,26 March 1853,Washington City,Greenville,Mrs. Elizabeth Perry,B.F. Perry,BFPerry_Letter257.txt
258,16 November 1853,Columbia,Greenville,Mrs. Elizabeth Perry,B.F. Perry,BFPerry_Letter258.txt
259,18 November 1285,Charleston,Greenville,Mrs. Elizabeth Perry,B.F. Perry,BFPerry_Letter259.txt
260,,,Greenville,Mrs. Elizabeth Perry,B.F. Perry,BFPerry_Letter260.txt
261,29 November 1853,Columbia,Greenville,Mrs. Elizabeth Perry,B.F. Perry,BFPerry_Letter261.txt
262,1 December 1853,Columbia,Greenville,Mrs. Elizabeth Perry,B.F. Perry,BFPerry_Letter262.txt
263,1 December 1853,Columbia,Greenville,Mrs. Elizabeth Perry,B.F. Perry,BFPerry_Letter263.txt
264,3 December 1853,Columbia,Greenville,Mrs. Elizabeth Perry,B.F. Perry,BFPerry_Letter264.txt
265,4 December 1853,Columbia,Greenville,Mrs. Elizabeth Perry,B.F. Perry,BFPerry_Letter265.txt
266,4 December 1853,Columbia,Greenville,Mrs. Elizabeth Perry,B.F. Perry,BFPerry_Letter266.txt
267,6 December 1853,Columbia,Greenville,Mrs. Elizabeth Perry,B.F. Perry,BFPerry_Letter267.txt
268,7 December 1853,Columbia,Greenville,Mrs. Elizabeth Perry,B.F. Perry,BFPerry_Letter268.txt
269,8 December 1853,Columbia,Greenville,Mrs. Elizabeth Perry,B.F. Perry,BFPerry_Letter269.txt
270,9 December 1853,Columbia,Greenville,Mrs. Elizabeth Perry,B.F. Perry,BFPerry_Letter270.txt
271,11 December 1853,Columbia,Greenville,Mrs. Elizabeth Perry,B.F. Perry,BFPerry_Letter271.txt
272,12 December 1853,Columbia,Greenville,Mrs. Elizabeth Perry,B.F. Perry,BFPerry_Letter272.txt
273,13 December 1853,Columbia,Greenville,Mrs. Elizabeth Perry,B.F. Perry,BFPerry_Letter273.txt
274,14 December 1853,Columbia,Greenville,Mrs. Elizabeth Perry,B.F. Perry,BFPerry_Letter274.txt
275,15 December 1853,Columbia,Greenville,Mrs. Elizabeth Perry,B.F. Perry,BFPerry_Letter275.txt
276,16 December 1853,Columbia,Greenville,Mrs. Elizabeth Perry,B.F. Perry,BFPerry_Letter276.txt
277,19 December 1853,Columbia,Graanville.,Mrs. Elizabeth Perry,B.F. Perry,BFPerry_Letter277.txt
278,5 February 1854,Greenville,Greenville,Mrs. Elizabeth Perry,B.F. Perry,BFPerry_Letter278.txt
279,19 March 1854,My dear Liz,Greenville,Mrs. Elizabeth Perry,B.F. Perry,BFPerry_Letter279.txt
280,9 April 1854,Columbia,Greenville,Mrs.  Elizabeth Perry,B.F. Perry,BFPerry_Letter280.txt
281,12 April 1854,Charleston,Greenville,Mrs. Elizabeth Perry,B.F. Perry,BFPerry_Letter281.txt
282,1 May 1854,Columbia,Greenville,Miss Anna Perry,B.F. Perry,BFPerry_Letter282.txt
283,2 May 1854,Columbia,Greenville,Miss Anna Perry,B.F. Perry,BFPerry_Letter283.txt
284,4 May 1854,Columbia,Charleston,Mrs. Elizabeth Perry,B.F. Perry,BFPerry_Letter284.txt
285,4 May 1854,Columbia,Charleston,Mrs. Elizabeth Perry,B.F. Perry,BFPerry_Letter285.txt
286,4 May 1854,Columbia,Greenville,Miss Anna Perry,B.F. Perry,BFPerry_Letter286.txt
287,5 May 1854,Columbia,Charleston,Mrs. Elizabeth Perry,B.F. Perry,BFPerry_Letter287.txt
288,5 May 1854,Columbia,Greenville,Miss Anna Perry,B.F. Perry,BFPerry_Letter288.txt
289,9 May 1854,Columbia,Charleston,Mrs. Elizabeth Perry,B.F. Perry,BFPerry_Letter289.txt
290,10 May 1864,Columbia,Greenville,Mr. Willie Perry,B.F. Perry,BFPerry_Letter290.txt
291,14 May 1854,Charleston,Greenville,Miss Anna Perry,B.F. Perry,BFPerry_Letter291.txt
292,11 October 1854,Anderson C.H.,Greenville,Mrs. Elizabeth Perry,B.F. Perry,BFPerry_Letter292.txt
293,18 October 1854,Pickens C.H.,Greenville,Mrs. Elizabeth Perry,,BFPerry_Letter293.txt
294,26 November 1854,Columbia,Greenville,Mrs. Elizabeth Perry,B.F. Perry,BFPerry_Letter294.txt
295,27 November 1854,Columbia,Greenville,Mrs. Elizabeth Perry,B.F. Perry,BFPerry_Letter295.txt
296,27 November 1854,Columbia,Greenville,Mrs. Elizabeth Perry,B.F. Perry,BFPerry_Letter296.txt
297,28 November 1854,Columbia,Greenville,Mrs. Elizabeth Perry,B.F. Perry,BFPerry_Letter297.txt
298,30 November 1854,Greenville [Columbia],Greenville,Mrs. Elizabeth Perry,B.F. Perry,BFPerry_Letter298.txt
299,1 December 1854,Columbia,Greenville,Mrs. Elizabeth Perry,B.F. Perry,BFPerry_Letter299.txt
300,2 December 1854,Columbia,,Mrs. Elizabeth Perry,B.F. Perry,BFPerry_Letter300.txt
301,,,Greenville,Mrs. Elizabeth Perry,B.F. Perry,BFPerry_Letter301.txt
302,4 December 1854,Columbia,Greenville,Mrs. Elizabeth Perry,B.F. Perry,BFPerry_Letter302.txt
303,5 December 1854,Columbia,Greenville,Mrs. Elizabeth Perry,B.F. Perry,BFPerry_Letter303.txt
304,6 December 1854,Columbia,Greenville,Mrs. Elizabeth Perry,B.F. Perry,BFPerry_Letter304.txt
305,7 December 1854,Columbia,Greenville,Mrs. Elizabeth Perry,B.F. Perry,BFPerry_Letter305.txt
306,7 December 1854,Columbia,Greenville,Mrs. Elizabeth Perry,B.F. Perry,BFPerry_Letter306.txt
307,8 December 1854,Columbia,Greenville,Mrs. Elizabeth Perry,B.F. Perry,BFPerry_Letter307.txt
308,10 December 1854,Columbia,Greenville,Mrs. Elizabeth Perry,B.F. Perry,BFPerry_Letter308.txt
309,11 December 1854,Columbia,Greenville,Mrs. Elizabeth Perry,B.F. Perry,BFPerry_Letter309.txt
310,12 December 1854,Columbia,Greenville,Mrs. Elizabeth Perry,B.F. Perry,BFPerry_Letter310.txt
311,15 December 1854,Columbia,Greenville,Mrs. Elizabeth Perry,B.F. Perry,BFPerry_Letter311.txt
312,12 December 1854,Columbia,Greenville,Mrs. Elizabeth Perry,B.F. Perry,BFPerry_Letter312.txt
313,15 December 1854,Columbia,Greenville,Mrs. Elizabeth Perry,B.F. Perry,BFPerry_Letter313.txt
314,15 December 1854,Columbia,Greenville,Miss Anna Perry,B.F. Perry,BFPerry_Letter314.txt
315,16 December 1854,Columbia,,Mrs. Elizabeth Perry,B.F. Perry,BFPerry_Letter315.txt
316,,,Greenville,Mrs. Elizabeth Perry,B.F. Perry,BFPerry_Letter316.txt
317,18 December 1854,Columbia,Greenville,Mrs. Elizabeth Perry,B.F. Perry,BFPerry_Letter317.txt
318,19 December 1854,Columbia,Greenville,Mrs. Elizabeth Perry,B.F. Perry,BFPerry_Letter318.txt
319,20 December 1854,Columbia,Greenville,Mrs. Elizabeth Perry,B.F. Perry,BFPerry_Letter319.txt
320,26 December 1854,Greenville,,Mrs. John Pettit,B.F. Perry,BFPerry_Letter320.txt
321,3 January 1855,Columbia,Greenville,Mrs. Elizabeth Perry,B.F. Perry,BFPerry_Letter321.txt
322,4 January 1855,Charleston,Greenville,Mrs. Elizabeth Perry,B.F. Perry,BFPerry_Letter322.txt
323,2 February 1855,Greenville,Charleston,Miss Anna Perry,B.F. Perry,BFPerry_Letter323.txt
324,9 March 1855,Greenville,Lafayette Indiana,Mr. John Pettit,B.F. Perry,BFPerry_Letter324.txt
325,11 March 1855,Greenville,Charleston,Miss Anna Perry,B.F. Perry,BFPerry_Letter325.txt
326,12 March 1855,Anderson C.H.,Greenville,Mrs. Elizabeth Perry,B.F. Perry,BFPerry_Letter326.txt
327,15 April 1855,Greenville,Charleston,Miss Anna Perry,B.F. Perry,BFPerry_Letter327.txt
328,6 May 1855,Columbia,Greenville,Mrs. Elizabeth Perry,B.F. Perry,BFPerry_Letter328.txt
329,7 May 1855,Columbia,Greenville,Mrs. Elizabeth Perry,B.F. Perry,BFPerry_Letter329.txt
330,3 May 1855,Columbia,Greenville,Mrs. Elizabeth Perry,B.F. Perry,BFPerry_Letter330.txt
331,3 May 1855,Columbia,Charleston,Miss Anna Perry,B.F. Perry,BFPerry_Letter331.txt
332,10 May 1855,Columbia,Greenville,Mrs. Elizabeth Perry,B.F. Perry,BFPerry_Letter332.txt
333,11 May 1855,Columbia,Greenville,Mrs. Elizabeth Perry,B.F. Perry,BFPerry_Letter333.txt
334,14 May 1855,Columbia,,,B.F. Perry,BFPerry_Letter334.txt
335,14 May 1855,Columbia,Greenville,Mrs. Elizabeth Perry,B.F. Perry,BFPerry_Letter335.txt
336,25 November 1855,Columbia,Greenville,Mrs. Elizabeth Perry,B.F. Perry,BFPerry_Letter336.txt
337,29 November 1855,Columbia,Greenville,Mrs. Elizabeth Perry,B.F. Perry,BFPerry_Letter337.txt
338,29 November 1855,Columbia,Greenville,Mrs. Elizabeth Perry,B.F. Perry,BFPerry_Letter338.txt
339,30 November 1855,Columbia,Greenville,Mrs. Elizabeth Perry,B.F. Perry,BFPerry_Letter339.txt
340,2 December 1855,Columbia,Greenville,Mrs. Elizabeth Perry,B.F. Perry,BFPerry_Letter340.txt
341,4 December 1855,Columbia,Greenville,Mrs. Elizabeth Perry,B.F. Perry,BFPerry_Letter341.txt
342,4 December 1855,Columbia,Greenville,Mrs. Elizabeth Perry,B.F. Perry,BFPerry_Letter342.txt
343,5 December 1855,Columbia,Greenville,Mrs. Elizabeth Perry,B.F. Perry,BFPerry_Letter343.txt
344,7 December 1855,Columbia,Greenville,Master Frank Perry,B.F. Perry,BFPerry_Letter344.txt
345,7 December 1855,Columbia,Greenville,Mrs. Elizabeth Perry,B.F. Perry,BFPerry_Letter345.txt
346,9 December 1855,Columbia,Greenville,Mrs. Elizabeth Perry,B.F. Perry,BFPerry_Letter346.txt
347,10 December 1855,Columbia,Greenville,Mrs. Elizabeth Perry,B.F. Perry,BFPerry_Letter347.txt
348,11 December 1855,Columbia,Greenville,Mrs. Elizabeth Perry,B.F. Perry,BFPerry_Letter348.txt
349,16 December 1855,Columbia,Greenville,Mrs. Elizabeth Perry,B.F. Perry,BFPerry_Letter349.txt
350,16 December 1855,Columbia,Charleston,Miss Anna Perry,B.F. Perry,BFPerry_Letter350.txt
351,18 December 1855,Columbia,Greenville,Mrs. Elizabeth Perry,B.F. Perry,BFPerry_Letter351.txt
352,19 December 1855,Columbia,Greenville,Mrs. Elizabeth Perry,B.F. Perry,BFPerry_Letter352.txt
353,19 December 1855,Columbia,Greenville,Mrs. Elizabeth Perry,B.F. Perry,BFPerry_Letter353.txt
354,1855,,Greenville,Mrs. Elizabeth Perry,B.F. Perry,BFPerry_Letter354.txt
355,1855,Columbia,Greenville,Mrs. Elizabeth Perry,B.F. Perry,BFPerry_Letter355.txt
356,1 May 1856,Columbia,Greenville,Mrs. Elizabeth Perry,B.F. Perry,BFPerry_Letter356.txt
357,3 May 1856,Columbia,Greenville,Mrs. Elizabeth Perry,B.F. Perry,BFPerry_Letter357.txt
358,4 May 1856,Columbia,Greenville,Mrs. Elizabeth Perry,B.F. Perry,BFPerry_Letter358.txt
359,6 May 1856,Columbia,Greenville,Mrs. Elizabeth Perry,B.F. Perry,BFPerry_Letter359.txt
360,6 May 1856,Columbia,Greenville,Mrs. Elizabeth Perry,B.F. Perry,BFPerry_Letter360.txt
361,6 May 1856,Columbia,Greenville,Mrs. Elizabeth Perry,B.F. Perry,BFPerry_Letter361.txt
362,8 May 1856,Columbia,Greenville,Mrs. Elizabeth Perry,B.F. Perry,BFPerry_Letter362.txt
363,10 May 1856,Columbia,Greenville,Mrs. Elizabeth Perry,B.F. Perry,BFPerry_Letter363.txt
364,21 October 1856,Pickens C.H.,Greenville,Mrs. Elizabeth Perry,B.F. Perry,BFPerry_Letter364.txt
365,October 1856,Anderson C.H.,Greenville,Mrs. Elizabeth Perry,B.F. Perry,BFPerry_Letter365.txt
366,18 November 1856,Columbia,Greenville,Mrs. Elizabeth Perry,B.F. Perry,BFPerry_Letter366.txt
367,21 November 1856,,Greenville,Mrs. Elizabeth Perry,B.F. Perry,BFPerry_Letter367.txt
368,23 November 1856,Columbia,Greenville,Mrs. Elizabeth Perry,B.F. Perry,BFPerry_Letter368.txt
369,24 November 1856,Columbia,Greenville,Mrs. Elizabeth Perry,B.F. Perry,BFPerry_Letter369.txt
370,25 November 1856,Columbia,Greenville,Mrs. Elizabeth Perry,B.F. Perry,BFPerry_Letter370.txt
371,25 November 1856,Columbia,Greenville,Mr. Frank Perry,B.F. Perry,BFPerry_Letter371.txt
372,27 November 1856,Columbia,Greenville,Mrs. Elizabeth Perry,B.F. Perry,BFPerry_Letter372.txt
373,28 November 1856,Columbia,Greenville,Mrs. Elizabeth Perry,B.F. Perry,BFPerry_Letter373.txt
374,1 December 1856,Columbia,Greenville,Mrs. Elizabeth Perry,,BFPerry_Letter374.txt
375,2 December 1856,Congaree House,Greenville,Mrs. Elizabeth Perry,B.F. Perry,BFPerry_Letter375.txt
376,3 December 1856,Columbia,Greenville,Mrs. Elizabeth Perry,B.F. Perry,BFPerry_Letter376.txt
377,4 December 1856,Columbia,Greenville,Mrs. Elizabeth Perry,B.F. Perry,BFPerry_Letter377.txt
378,5 December 1856,Columbia,Greenville,Mrs. Elizabeth Perry,B.F. Perry,BFPerry_Letter378.txt
379,7 December 1856,Columbia,Greenville,Mrs. Elizabeth Perry,B.F. Perry,BFPerry_Letter379.txt
380,8 December 1856,Columbia,Greenville,Mrs. Elizabeth Perry,B.F. Perry,BFPerry_Letter380.txt
381,9 December 1856,Columbia,Greenville,Mrs. Elizabeth Perry,B.F. Perry,BFPerry_Letter381.txt
382,10 December 1856,Columbia,Greenville,Anna Perry,B.F. Perry,BFPerry_Letter382.txt
383,11 December 1856,Columbia,Greenville,Fannie Perry,B.F. Perry,BFPerry_Letter383.txt
384,15 December 1856,Congaree House,Greenville,Mrs. Elizabeth Perry,B.F. Perry,BFPerry_Letter384.txt
385,15 December 1856,Columbia,Greenville,Miss Anna Perry,B.F. Perry,BFPerry_Letter385.txt
386,17 December 1856,Columbia,Greenville,Mrs. Elizabeth Perry,B.F. Perry,BFPerry_Letter386.txt
387,19 December 1856,Columbia,Greenville,Mrs. Elizabeth Perry,B.F. Perry,BFPerry_Letter387.txt
388,10 February 1857,Greenville,Pickens C.H.,Lawrence,B.F. Perry,BFPerry_Letter388.txt
389,10 February 1857,Greenville,S.C. College,Mr. William Hayne Perry,B.F. Perry,BFPerry_Letter389.txt
390,20 February 1857,Greenville,S.C. College,Mr. William Hayne Perry,B.F. Perry,BFPerry_Letter390.txt
391,6 April 1857,Greenville,S.C. College,Mr. William Hayne Perry,B.F. Perry,BFPerry_Letter391.txt
392,3 May 1857,Columbia,Greenville,Miss Anna Perry,B.F. Perry,BFPerry_Letter392.txt
393,6 May 1857,Columbia,Greenville,Mrs. Elizabeth Perry,B.F. Perry,BFPerry_Letter393.txt
394,7 May 1857,Columbia,Greenville,Mrs. Elizabeth Perry,B.F. Perry,BFPerry_Letter394.txt
395,2 June 1857,Greenville,S.C. College,Mr. William Hayne Perry,B.F. Perry,BFPerry_Letter395.txt
396,10 June 1857,Columbia,Greenville,Mrs. Elizabeth Perry,,BFPerry_Letter396.txt
397,11 June 1857,Columbia,Greenville,Mrs. Elizabeth Perry,B.F. Perry,BFPerry_Letter397.txt
398,13 June 1857,Greenville,,,B.F. Perry,BFPerry_Letter398.txt
399,30 June 1857,Pickens C.H.,Greenville,Mrs. Elizabeth Perry,B.F. Perry,BFPerry_Letter399.txt
400,21 August 1857,Boston,Annapolis,Mr. Frank Perry,B.F. Perry,BFPerry_Letter400.txt
401,28 August 1857,Philadelphia,Annapolis,Frank Perry,B.F. Perry,BFPerry_Letter401.txt
402,28 August 1857,Philadelphia,Cambridge,William Hayne Perry,B.F. Perry,BFPerry_Letter402.txt
403,6 September 1857,Greenville,Annapolis,Frank Perry,B.F. Perry,BFPerry_Letter403.txt
404,8 September 1857,Cambridge,Greenville,Mrs. Elizabeth Perry,,BFPerry_Letter404.txt
405,18 September 1857,Columbia,Annapolis,Frank Perry,B.F. Perry,BFPerry_Letter405.txt
406,20 September 1857,Cambridge,Greenville,Mr. B.F. Perry,B.F. Perry,BFPerry_Letter406.txt
407,20 September 1857,Greenville,,,,BFPerry_Letter407.txt
408,20 September 1857,Greenville,Annapolis Maryland,Frank Perry,B.F. Perry,BFPerry_Letter408.txt
409,21 September 1857,Greenville,Burlington N.J.,Miss Anna Perry,B.F. Perry,BFPerry_Letter409.txt
410,25 September 1857,Greenville,Annapolis Maryland,Frank Perry,B.F. Perry,BFPerry_Letter410.txt
411,26 September 1857,Harvard College,Annapolis Maryland,Frank Perry,B.F. Perry,BFPerry_Letter411.txt
412,27 September 1857,Harvard College,Burlington N.J.,Miss Anna Perry,B.F. Perry,BFPerry_Letter412.txt
413,28 September 1857,Greenville,Annapolis,Frank Perry,B.F. Perry,BFPerry_Letter413.txt
414,2 October 1857,Greenville,Annapolis,Frank Perry,B.F. Perry,BFPerry_Letter414.txt
415,4 October 1857,Harvard College,Annapolis,Frank Perry,B.F. Perry,BFPerry_Letter415.txt
416,8 October 1857,Greenville,Burlington N.J.,Miss Anna Perry,B.F. Perry,BFPerry_Letter416.txt
417,11 October 1857,Harvard College,Greenville,Mrs. Elizabeth Perry,,BFPerry_Letter417.txt
418,14 October 1857,Greenville,Annapolis,Frank Perry,B.F. Perry,BFPerry_Letter418.txt
419,17 October 1857,Harvard College,Greenville,Mr. B.F. Perry,B.F. Perry,BFPerry_Letter419.txt
420,24 October 1857,Harvard College,Burlington N.J.,Miss Anna Perry,B.F. Perry,BFPerry_Letter420.txt
421,25 October 1857,Greenville,Annapolis,Frank Perry,B.F. Perry,BFPerry_Letter421.txt
422,1 November 1857,Harvard College,Burlington N.J.,Anna Perry,,BFPerry_Letter422.txt
423,1 November 1857,Greenville,Annapolis,Frank Perry,B.F. Perry,BFPerry_Letter423.txt
424,8 November 1857,Greenville,Annapolis,Frank Perry,B.F. Perry,BFPerry_Letter424.txt
425,15 November 1857,Greenville,Burlington N.J.,Miss Anna Perry,B.F. Perry,BFPerry_Letter425.txt
426,15 November 1857,Greenville,Annapolis,Frank Perry,B.F. Perry,BFPerry_Letter426.txt
427,22 November 1857,Columbia,Annapolis,B.F. Perry Jr.,B.F. Perry,BFPerry_Letter427.txt
428,22 November 1857,Columbias,Greenville,Mrs. Elizabeth Perry,B.F. Perry,BFPerry_Letter428.txt
429,22 November 1857,Columbia,Harvard College,W.H. Perry,B.F. Perry,BFPerry_Letter429.txt
430,22 November 1857,Columbia,Greenville,Mrs. Elizabeth Perry,B.F. Perry,BFPerry_Letter430.txt
431,22 November 1857,Columbia,Burlington N.J.,Miss Anna Perry,B.F. Perry,BFPerry_Letter431.txt
432,24 November 1857,Columbia,Greenville,Mrs. Elizabeth Perry,B.F. Perry,BFPerry_Letter432.txt
433,24 November 1857,Columbia,Burlington N.J.,Anna Perry,B.F. Perry,BFPerry_Letter433.txt
434,26 November 1857,Columbia,Greenville,Mrs. Elizabeth Perry,B.F. Perry,BFPerry_Letter434.txt
435,26 November 1857,Columbia,Greenville,Mrs. Elizabeth Perry,B.F. Perry,BFPerry_Letter435.txt
436,26 November 1857,Columbia,Greenville,Mrs. Elizabeth Perry,B.F. Perry,BFPerry_Letter436.txt
437,28 November 1857,Columbia,Annapolis,Frank Perry,B.F. Perry,BFPerry_Letter437.txt
438,28 November 1857,Columbia,Burlington N.J.,Anna Perry,B.F. Perry,BFPerry_Letter438.txt
439,28 November 1857,Columbia,Greenville,Mrs. Elizabeth Perry,B.F. Perry,BFPerry_Letter439.txt
440,30 November 1857,Harvard College,Burlington N.J.,Anna Perry,,BFPerry_Letter440.txt
441,30 November 1857,Columbia,Greenville,Mrs. Elizabeth Perry,B.F. Perry,BFPerry_Letter441.txt
442,1 December 1857,Columbia,Greenville,Mrs. Elizabeth Perry,B.F. Perry,BFPerry_Letter442.txt
443,2 December 1857,Columbia,,,,BFPerry_Letter443.txt
444,2 December 1857,Columbia,Greenville,Mrs. Elizabeth Perry,B.F. Perry,BFPerry_Letter444.txt
445,3 December 1857,Columbia,Greenville,Mrs. Elizabeth Perry,B.F. Perry,BFPerry_Letter445.txt
446,3 December 1857,Columbia,Burlington N.J.,Anna Perry,B.F. Perry,BFPerry_Letter446.txt
447,9 December 1857,Columbia,Greenville,Mrs. Elizabeth Perry,,BFPerry_Letter447.txt
448,10 December 1857,Columbia,Greenville,Mrs. Elizabeth Perry,B.F. Perry,BFPerry_Letter448.txt
449,10 December 1857,Columbia,Burlington N.J.,Anna Perry,B.F. Perry,BFPerry_Letter449.txt
450,13 December 1857,Columbia,Greenville,Mrs. Elizabeth Perry,B.F. Perry,BFPerry_Letter450.txt
451,14 December 1857,Columbia,Greenville,Mrs. Elizabeth Perry,B.F. Perry,BFPerry_Letter451.txt
452,15 December 1857,Columbia,Greenville,Mrs. Elizabeth Perry,B.F. Perry,BFPerry_Letter452.txt
453,16 December 1857,Columbia,Greenville,Mrs. Elizabeth Perry,B.F. Perry,BFPerry_Letter453.txt
454,17 December 1857,Columbia,Greenville,Mrs. Elizabeth Perry,B.F. Perry,BFPerry_Letter454.txt
455,20 December 1857,Columbia,Washington DC,Dr. John LeConte,B.F. Perry,BFPerry_Letter455.txt
456,20 December 1857,Columbia,Washington DC,Dr. John LeConte,B.F. Perry,BFPerry_Letter456.txt
457,27 December 1857,Harvard College,Greenville,Mrs. Elizabeth Perry,,BFPerry_Letter457.txt
458,27 December 1857,Harvard College,Philadelphia,Anna Perry,B.F. Perry,BFPerry_Letter458.txt
459,2 January 1857,Harvard College,Columbia,Benjamin F. Perry,,BFPerry_Letter459.txt
460,3 January 1858,Columbia,Annapolis,Frank Perry,B.F. Perry,BFPerry_Letter460.txt
461,17 January 1858,Greenville,Annapolis,Frank Perry,B.F. Perry,BFPerry_Letter461.txt
462,24 January 1858,Annapolis,Greenville,Mrs. Elizabeth Perry,W.H. Perry,BFPerry_Letter462.txt
463,24 January 1858,Greenville,Annapolis,Frank Perry,B.F. Perry,BFPerry_Letter463.txt
464,30 January 1858,Greenville,Annapolis,Frank Perry,B.F. Perry,BFPerry_Letter464.txt
465,7 February 1858,Greenville,Annapolis,Frank Perry,B.F. Perry,BFPerry_Letter465.txt
466,14 February 1858,Greenville,Annapolis,Frank Perry,B.F. Perry,BFPerry_Letter466.txt
467,21 February 1858,Greenville,Annapolis,Frank Perry,B.F. Perry,BFPerry_Letter467.txt
468,27 February 1858,Greenville,Washington,J.H. Hammond,B.F. Perry,BFPerry_Letter468.txt
469,27 February 1858,Greenville,Washington,J.L. Orr,B.J. Perry,BFPerry_Letter469.txt
470,28 February 1858,Greenville,Annapolis,Frank Perry,B.F. Perry,BFPerry_Letter470.txt
471,7 March 1858,Greenville,Annapolis,Frank Perry,B.F. Perry,BFPerry_Letter471.txt
472,10 March 1858,Greenville,Annapolis,Frank Perry,B.F. Perry,BFPerry_Letter472.txt
473,28 March 1858,Greenville,Annapolis,Frank Perry,B.F. Perry,BFPerry_Letter473.txt
474,4 April 1858,Greenville,Annapolis,Frank Perry,B.F. Perry,BFPerry_Letter474.txt
475,11 April 1858,Greenville,Annapolis,Frank Perry,B.F. Perry,BFPerry_Letter475.txt
476,18 April 1858,Greenville,Harvard College,W.H. Perry,B.F. Perry,BFPerry_Letter476.txt
477,18 April 1858,Greenville,Annapolis,Frank Perry,B.F. Perry,BFPerry_Letter477.txt
478,25 April 1856,Greenville,Annapolis,Frank Perry,B.F. Perry,BFPerry_Letter478.txt
479,26 April 1858,Greenville,Annapolis,W.H. Perry,B.F. Perry,BFPerry_Letter479.txt
480,2 May 1858,Columbia,Annapolis,Frank Perry,B.F. Perry,BFPerry_Letter480.txt
481,2 May 1858,Columbia,Greenville,Mrs. Elizabeth Perry,B.F. Perry,BFPerry_Letter481.txt
482,3 May 1858,Columbia,Greenville,Mrs. Elizabeth Perry,B.F. Perry,BFPerry_Letter482.txt
483,4 May 1858,Columbia,Greenville,Mrs. Elizabeth Perry,B.F. Perry,BFPerry_Letter483.txt
484,5 May 1858,Columbia,Greenville,Mrs. Elizabeth Perry,B.F. Perry,BFPerry_Letter484.txt
485,6 May 1858,Columbia,Greenville,Mrs. Elizabeth Perry,B.F. Perry,BFPerry_Letter485.txt
486,7 May 1858,Columbia,Greenville,Mrs. Elizabeth Perry,B.F. Perry,BFPerry_Letter486.txt
487,9 May 1858,Columbia,Greenville,Mrs. Elizabeth Perry,B.F. Perry,BFPerry_Letter487.txt
488,9 May 1858,Columbia,Greenville,Mrs. Elizabeth Perry,B.F. Perry,BFPerry_Letter488.txt
489,10 May 1858,Columbia,Greenville,Mrs. Elizabeth Perry,B.F. Perry,BFPerry_Letter489.txt
490,16 May 1858,Greenville,Annapolis,Frank Perry,B.F. Perry,BFPerry_Letter490.txt
491,30 May 1858,Greenville,Annapolis,Frank Perry,B.F. Perry,BFPerry_Letter491.txt
492,5 June 1858,Greenville,Annapolis,Frank Perry,B.F. Perry,BFPerry_Letter492.txt
493,13 June 1858,Greenville,Annapolis,Frank Parry,B.F. Perry,BFPerry_Letter493.txt
494,20 June 1858,Greenville,Annapolis,Frank Perry,B.F. Perry,BFPerry_Letter494.txt
495,3 August 1858,Greenville,,Mrs. Elizabeth Perry,B.F. Perry,B.F. Perry,BFPerry_Letter495.txt
496,,,Cambridge,W.H. Perry,B.F. Perry,BFPerry_Letter496.txt
497,18 September 1858,Greenville,Annapolis,Frank Perry,B.F. Perry,BFPerry_Letter497.txt
498,28 September 1858,Greenville,Annapolis,B.F. Perry Jr.,B.F. Perry,BFPerry_Letter498.txt
499,3 October 1858,Greenville,Annapolis,Frank Perry,B.F. Perry,BFPerry_Letter499.txt
500,10 October 1858,Greenville,Annapolis,Frank Perry,B.F. Perry,BFPerry_Letter500.txt
501,16 October 1858,Greenville,Annapolis,B.F. Perry Jr.,B.F. Perry,BFPerry_Letter501.txt
502,24 October 1858,Greenville,Annapolis,B.F. Perry Jr.,B.F. Perry,BFPerry_Letter502.txt
503,1 November 1858,Greenville,Annapolis,Frank Perry,B.F. Perry,BFPerry_Letter503.txt
504,6 November 1858,Greenville,Annapolis,B.F. Perry Jr.,B.F. Perry,BFPerry_Letter504.txt
505,21 November 1858,Columbia,Annapolis,Frank Perry,B.F. Perry,BFPerry_Letter505.txt
506,28 November 1858,Columbia,Annapolis,B.F. Perry Jr.,B.F. Perry,BFPerry_Letter506.txt
507,5 December 1858,Columbia SC,Annapolis,Frank Perry,B.F. Perry,BFPerry_Letter507.txt
508,20 December 1858,Greenville SC,Annapolis,Frank Perry,B.F. Perry,BFPerry_Letter508.txt
509,26 December 1858,Greenville SC,Annapolis,Frank Perry,B.F. Perry,BFPerry_Letter509.txt
510,2 January 1859,Greenville,Annapolis,Frank Perry,B.F. Perry,BFPerry_Letter510.txt
511,9 January 1859,Greenville,Annapolis,Frank Perry,B.F. Perry,BFPerry_Letter511.txt
512,13 January 1859,Greenville,Annapolis,B.F. Perry Jr.,B.F. Perry,BFPerry_Letter512.txt
513,24 January 1859,Greenville,Annapolis,Frank Perry,B.F. Perry,BFPerry_Letter513.txt
514,1 February 1859,Greenville,Annapolis,Frank Perry,B.F. Perry,BFPerry_Letter514.txt
515,6 February 1859,Greenville,Annapolis,Frank Perry,B.F. Perry,BFPerry_Letter515.txt
516,13 February 1859,Greenville,Annapolis,Frank Perry,B.F. Perry,BFPerry_Letter516.txt
517,20 February 1859,Greenville,Annapolis,Frank Perry,B.F. Perry,BFPerry_Letter517.txt
518,27 February 1859,Greenville,Annapolis,Frank Perry,B.F. Perry,BFPerry_Letter518.txt
519,9 March 1859,Greenville,Annapolis,Frank Perry,B.F. Perry,BFPerry_Letter519.txt
520,13 March 1859,Greenville,Annapolis,Frank Perry,B.F. Perry,BFPerry_Letter520.txt
521,13 March 1859,Greenville,Harvard College,W.H. Perry,B.F. Perry,BFPerry_Letter521.txt
522,19 March 1859,Greenville,Annapolis,Frank Perry,B.F. Perry,BFPerry_Letter522.txt
523,3 April 1859,Greenville,Annapolis,Frank Perry,B.F. Perry,BFPerry_Letter523.txt
524,9 April 1859,Greenville,Annapolis,Frank Perry,B.F. Perry,BFPerry_Letter524.txt
525,17 April 1859,Greenville,Annapolis,Frank Perry,B.F. Perry,BFPerry_Letter525.txt
526,22 April 1859,Greenville,,Charles Lanman,B.F. Perry,BFPerry_Letter526.txt
527,24 April 1859,Greenville,Annapolis,Frank Perry,B.F. Perry,BFPerry_Letter527.txt
528,27 April 1859,Columbia,Greenville,Mrs. Elizabeth Perry,B.F. Perry,BFPerry_Letter528.txt
529,1 May 1859,Charleston Hotel,Annapolis,Frank Perry,B.F. Perry,BFPerry_Letter529.txt
530,8 May 1859,Greenville,Annapolis,Frank Perry,B.F. Perry,BFPerry_Letter530.txt
531,15 May 1859,Greenville,Annapolis,Frank Perry,B.F. Perry,BFPerry_Letter531.txt
532,22 May 1859,Greenville,Annapolis,Frank Perry,B.F. Perry,BFPerry_Letter532.txt
533,29 May 1859,Greenville,Annapolis,Frank Perry,B.F. Perry,BFPerry_Letter533.txt
534,4 June 1859,Greenville,Annapolis,Frank Perry,B.F. Perry,BFPerry_Letter534.txt
535,4 June 1859,Greenville,Harvard College,W.H. Perry,B.F. Perry,BFPerry_Letter535.txt
536,11 June 1859,Greenville,Annapolis,Frank Perry,B.F. Perry,BFPerry_Letter536.txt
537,10 July 1859,Greenville,,W.H. Perry, B.F. Perry,BFPerry_Letter537.txt
538,18 September 1859,Boston,Greenville,W.H. Perry,B.F. Perry,BFPerry_Letter538.txt
539,9 October 1859,Greenville,Annapolis,Frank Perry,B.F. Perry,BFPerry_Letter539.txt
540,23 October 1859,Greenville,Annapolis,Frank Perry,B.F. Perry,BFPerry_Letter540.txt
541,27 October 1859,Greenville,Annapolis,Frank Perry,B.F. Perry,BFPerry_Letter541.txt
542,20 November 1859,Greenville,Annapolis,Frank Perry,B.F. Perry,BFPerry_Letter542.txt
543,27 November 1859,Greenville,Annapolis,Frank Perry,B.F. Perry,BFPerry_Letter543.txt
544,29 November 1859,Columbia,Greenville,Mrs. Elizabeth Perry,B.F. Perry,BFPerry_Letter544.txt
545,1 December 1859,Columbia,Greenville,Mrs. Elizabeth Perry,B.F. Perry,BFPerry_Letter545.txt
546,2 December 1859,Columbia,Greenville,Mrs. Elizabeth Perry,B.F. Perry,BFPerry_Letter546.txt
547,2 December 1859,Columbia,Greenville,Mrs. Elizabeth Perry,B.F. Perry,BFPerry_Letter547.txt
548,4 December 1859,Columbia,Greenville,Mrs. Elizabeth Perry,B.F. Perry,BFPerry_Letter548.txt
549,5 December 1859,Columbia,Greenville,Mrs. Elizabeth Perry,B.F. Perry,BFPerry_Letter549.txt
550,6 December 1859,Columbia,Greenville,Mrs. Elizabeth Perry,B.F. Perry,BFPerry_Letter550.txt
551,8 December 1859,Columbia,Greenville,Mrs. Elizabeth Perry,B.F. Perry,BFPerry_Letter551.txt
552,8 December 1859,Columbia,Greenville,Mrs. Elizabeth Perry,B.F. Perry,BFPerry_Letter552.txt
553,10 December 1859,Columbia,Greenville,Mrs. Elizabeth Perry,B.F. Perry,BFPerry_Letter553.txt
554,10 December 1859,Saturday night,Greenville,Mrs. Elizabeth Perry,B.F. Perry,BFPerry_Letter554.txt
555,12 December 1859,Columbia,Greenville,Mrs. Elizabeth Perry,B.F. Perry,BFPerry_Letter555.txt
556,12 December 1859,Columbia,Greenville,Mrs. Elizabeth Perry,B.F. Perry,BFPerry_Letter556.txt
557,13 December 1859,Columbia,Greenville,Mrs. Elizabeth Perry,B.F. Perry,BFPerry_Letter557.txt
558,14 December 1859,Columbia,Annapolis,Frank Perry,B.F. Perry,BFPerry_Letter558.txt
559,15 December 1859,Columbia,Greenville,Mrs. Elizabeth Perry,B.F. Perry,BFPerry_Letter559.txt
560,15 December 1859,Columbia,Greenville,Mrs. Elizabeth Perry,B.F. Perry,BFPerry_Letter560.txt
561,16 December 1859,Columbia,Greenville,Mrs. Elizabeth Perry,B.F. Perry,BFPerry_Letter561.txt
562,18 December 1859,Columbia,Greenville,Mrs. Elizabeth Perry,B.F. Perry,BFPerry_Letter562.txt
563,21 December 1859,Columbia,Greenville,Mrs. Elizabeth Perry,B.F. Perry,BFPerry_Letter563.txt
564,25 December 1859,Greenville,Annapolis,Frank Perry,B.F. Perry,BFPerry_Letter564.txt
565,29 December 1859,Columbia,Greenville,Mrs. Elizabeth Perry,B.F. Perry,BFPerry_Letter565.txt
566,1 January 1860,Greenville,Annapolis,Frank Perry,B.F. Perry,BFPerry_Letter566.txt
567,8 January 1860,Greenville,Annapolis,Frank Perry,B.F. Perry,BFPerry_Letter567.txt
568,14 January 1860,Greenville,Annapolis,Frank Perry,B.F. Perry,BFPerry_Letter568.txt
569,22 January 1860,Greenville,Annapolis,Frank Perry,B.F. Perry,BFPerry_Letter569.txt
570,29 January 1860,Greenville,Annapolis,Frank Perry,B.F. Perry,BFPerry_Letter570.txt
571,19 February 1860,Greenville,Annapolis,Frank Perry,B.F. Perry,BFPerry_Letter571.txt
572,26 February 1860,Greenville,Annapolis,Frank Perry,B.F. Perry,BFPerry_Letter572.txt
573,4 March 1860,Greenville,Annapolis,Frank Perry,B.F. Perry,BFPerry_Letter573.txt
574,11 March 1860,Greenville,Annapolis,Frank Perry,B.F. Perry,BFPerry_Letter574.txt
575,25 March 1860,Greenville,Annapolis,Frank Perry,B.F. Perry,BFPerry_Letter575.txt
576,1 April 1860,Greenville,Annapolis,Frank Perry,B.F. Perry,BFPerry_Letter576.txt
577,15 April 1860,Columbia,Greenville,Mrs. Elizabeth Perry,B.F. Perry,BFPerry_Letter577.txt
578,16 April 1860,Columbia,Greenville,Mrs. Elizabeth Perry,B.F. Perry,BFPerry_Letter578.txt
579,17 April 1860,Columbia,Greenville,Mrs. Elizabeth Perry,B.F. Perry,BFPerry_Letter579.txt
580,18 April 1860,Columbia,Greenville,Mrs.  Elizabeth Perry,B.F. Perry,BFPerry_Letter580.txt
581,20 April 1860,Charleston,Greenville.,Mrs. Elizabeth Perry,B.F. Perry,BFPerry_Letter581.txt
582,21 April 1860,Charleston,Greenville.,Mrs. Elizabeth Perry,B.F. Perry,BFPerry_Letter582.txt
583,21 April 1860,Charleston,Greenville,Mrs. Elizabeth Perry,B.F. Perry,BFPerry_Letter583.txt
584,22 April 1860,Charleston,Greenville,Mrs. Elizabeth Perry,B.F. Perry,BFPerry_Letter584.txt
585,24 April 1860,Charleston,Greenville,W.H. Perry,B.F. Perry,BFPerry_Letter585.txt
586,26 April 1860,Charleston,Annapolis,Frank Perry,B.F. Perry,BFPerry_Letter586.txt
587,26 April 1860,Charleston,Greenville,Mrs. Elizabeth Perry,B.F. Perry,BFPerry_Letter587.txt
588,29 April 1860,Charleston,Greenville,Mrs. Elizabeth Perry,B.F. Perry,BFPerry_Letter588.txt
589,6 May 1860,Greenville,Annapolis,Frank Perry,B.F. Perry,BFPerry_Letter589.txt
590,14 May 1860,Washington,,Benjamin Perry,W.H. Perry,BFPerry_Letter590.txt
591,27 November 1860,Columbia,Greenville,Mrs. Elizabeth Perry,B.F. Perry,BFPerry_Letter591.txt
592,28 November 1860,Columbia,Greenville,Mrs. Elizabeth Perry,B.F. Perry,BFPerry_Letter592.txt
593,28 November 1860,Columbia,Greenville,Mrs. Elizabeth Perry,B.F. Perry,BFPerry_Letter593.txt
594,10 December 1860,Columbia,Greenville,Mrs. Elizabeth Perry,B.F. Perry,BFPerry_Letter594.txt
595,11 December 1860,Columbia,Greenville,Mrs. Elizabeth Perry,B.F. Perry,BFPerry_Letter595.txt
596,1860,,,,BFPerry_Letter596.txt
597,2 February 1861,Greenville,Greenville,2 February 1861,,BFPerry_Letter597.txt
598,,,,Governor Pickens,B.F. Perry,BFPerry_Letter598.txt
599,19 February 1861,Greenville,,Governor Pickens,B.F. Perry,BFPerry_Letter599.txt
600,10 March 1861,Greenville,Rosemont,Mrs. Elizabeth Perry,B.F. Perry,BFPerry_Letter600.txt
601,5 May 1861,Greenville,,W.H. Perry,B.F. Perry,BFPerry_Letter601.txt
602,5 May 1861,Columbia,Greenville,Benjamin Perry,W.H. Perry,BFPerry_Letter602.txt
603,10 June 1861,Greenville,Columbia,W.H. Perry,B.F. Perry,BFPerry_Letter603.txt
604,11 June 1861,Camp Hampton,Greenville,Mrs. Elizabeth Perry,,BFPerry_Letter604.txt
605,13 June 1861,Greenville,,W.H. Perry,B.F. Perry,BFPerry_Letter605.txt
606,16 June 1861,Camp Hampton,Greenville,Benjamin Perry,W.H. Perry,BFPerry_Letter606.txt
607,16 June 1861,Greenville,,W.H. Perry,B.F. Perry,BFPerry_Letter607.txt
608,18 June 1861,Camp Hampton,Greenville,Mrs. Elizabeth Perry,W.H. Perry,BFPerry_Letter608.txt
609,25 June 1861,Camp Hampton,Greenville,Benjamin Perry,W.H. Perry,BFPerry_Letter609.txt
610,28 June 1861,Camp Hampton,Greenville,Benjamin Perry,W.H. Perry,BFPerry_Letter610.txt
611,30 June 1861,Petersburg Va.,Greenville,Benjamin Perry,W.H. Perry,BFPerry_Letter611.txt
612,11 July 1861,Ashland,Greenville,Benjamin Perry,W.H. Perry,BFPerry_Letter612.txt
613,14 July 1861,Ashland Va.,Greenville,Benjamin Perry,William H. Perry,BFPerry_Letter613.txt
614,19 July 1861,Ashland Va.,Greenville,Mrs. Elizabeth Perry,W.H. Perry,BFPerry_Letter614.txt
615,20 July 1861,Ashland Va.,Greenville,Mrs. Elizabeth Perry,W.H. Perry,BFPerry_Letter615.txt
616,29 July 1861,Camp Pickens,Greenville,Benjamin Perry,W.H. Perry,BFPerry_Letter616.txt
617,1 August 1861,Camp Griffin Near Manassas,Greenville,Benjamin Perry,W.H. Perry,BFPerry_Letter617.txt
618,16 August 1861,Camp Griffin,Greenville,Mrs. Elizabeth Perry,W.H. Perry,BFPerry_Letter618.txt
619,20 August 1861,Near Manassas,Greenville,Mrs. Elizabeth Perry,W.H. Perry,BFPerry_Letter619.txt
620,21 August 1861,Columbia,Greenville,Mrs. Elizabeth Perry,B.F. Perry,BFPerry_Letter620.txt
621,21 August 1861,Columbia,Greenville,Mrs. Elizabeth Perry,B.F. Perry,BFPerry_Letter621.txt
622,23 August 1861,Petersburgh Va.,Greenville,Mrs. Elizabeth Perry,B.F. Perry,BFPerry_Letter622.txt
623,24 August 1861,Richmond,Greenville,Mrs. Elizabeth Perry,B.F. Perry,BFPerry_Letter623.txt
624,24 August 1861,Richmond,Greenville,Mrs. Elizabeth Perry,B.F. Perry,BFPerry_Letter624.txt
625,8 September 1861,Camp Griffin Va.,Greenville,Mrs. Elizabeth Perry,W.H. Perry,BFPerry_Letter625.txt
626,11 September 1860,Camp Griffin Va.,Greenville,Benjamin Perry,W.H. Perry,BFPerry_Letter626.txt
627,28 September 1861,Camp Va.,Greenville,Benjamin Perry,W.H. Perry,BFPerry_Letter627.txt
628,18 October 1861,Camp Connor Va.,Greenville,Benjamin Perry,W.H. Perry,BFPerry_Letter628.txt
629,27 October 1861,Camp Butler Va.,Greenville,Mrs. Elizabeth Perry,W.H. Perry,BFPerry_Letter629.txt
630,10 November 1861,Camp Butler Va.,Greenville,Benjamin Perry,W.H. Perry,BFPerry_Letter630.txt
631,20 November 1861,Camp Butler Va.,Greenville,Mrs. Elizabeth Perry,W.H. Perry,BFPerry_Letter631.txt
632,26 November 1861,Virginia,Greenville,Benjamin Perry,W.H. Perry,BFPerry_Letter632.txt
633,7 December 1861,Camp Butler Va.,Greenville,Mrs. Elizabeth Perry,W.H. Perry,BFPerry_Letter633.txt
634,10 December 1861,Columbia,Greenville,Mrs. Elizabeth Perry,B.F. Perry,BFPerry_Letter634.txt
635,19 December 1861,Camp Wigfall,Greenville,Mrs. Elizabeth Perry,W.H. Perry,BFPerry_Letter635.txt
636,22 December 1861,Camp Wigfall,,B.F. Perry,W.H. Perry,BFPerry_Letter636.txt
637,24 November 1862,Columbia,Greenville,Mrs. Elizabeth Perry,B.F. Perry,BFPerry_Letter637.txt
638,24 November 1862,Columbia,Greenville,Mrs. Elizabeth Perry,B.F. Perry,BFPerry_Letter638.txt
639,25 November 1862,Columbia,Greenville,Mrs. Elizabeth Perry,B.F. Perry,BFPerry_Letter639.txt
640,25 November 1862,Columbia,Greenville,Mrs. Elizabeth Perry,B.F. Perry,BFPerry_Letter640.txt
641,29 November 1862,,,Mrs. Elizabeth Perry,B.F. Perry,BFPerry_Letter641.txt
642,3 December 1862,Columbia,Greenville,Mrs. Elizabeth Perry,B.F. Perry,BFPerry_Letter642.txt
643,3 December 1862,Columbia,Greenville,Mrs. Elizabeth Perry,B.F. Perry,BFPerry_Letter643.txt
644,4 December 1862,Columbia,Greenville,Mrs. Elizabeth Perry,B.F. Perry,BFPerry_Letter644.txt
645,5 December 1862,Columbia,Greenville,Mrs. Elizabeth Perry,B.F. Perry,BFPerry_Letter645.txt
646,7 December 1862,Columbia,Greenville,Mrs. Elizabeth Perry,B.F. Perry,BFPerry_Letter646.txt
647,7 December 1862,Columbia,Greenville,Mrs. Elizabeth Perry,B.F. Perry,BFPerry_Letter647.txt
648,8 December 1862,,Greenville,Mrs. Elizabeth Perry,B.F. Perry,BFPerry_Letter648.txt
649,13 December 1862,Columbia,,Mrs. Elizabeth Perry,B.F. Perry,BFPerry_Letter649.txt
650,29 January 1863,Columbia,Glencoe,Mrs. Elizabeth Perry,B.F. Perry,BFPerry_Letter650.txt
651,16 February 1863,Greenville,Glencoe,Mrs. Elizabeth Perry,B.F. Perry,BFPerry_Letter651.txt
652,23 February 1863,Greenville,Glencoe,Mrs. Elizabeth Perry,B.F. Perry,BFPerry_Letter652.txt
653,26 February 1863,Greenville,Glencoe,Mrs. Elizabeth Perry,B.F. Perry,BFPerry_Letter653.txt
654,7 March 1863,Greenville,Glencoe,Mrs. Elizabeth Perry,B.F. Perry,BFPerry_Letter654.txt
655,19 March 1863,Greenville,Glencoe,Mrs. Elizabeth Perry,B.F. Perry,BFPerry_Letter655.txt
656,23 March 1863,Greenville,Glencoe,Mrs. Elizabeth Perry,B.F. Perry,BFPerry_Letter656.txt
657,25 March 1863,Greenville,Glencoe,Mrs. Elizabeth Perry,B.F. Perry,BFPerry_Letter657.txt
658,18 April 1863,Greenville,Glencoe,Mrs. Elizabeth Perry,B.F. Perry,BFPerry_Letter658.txt
659,7 June 1863,Brandy Station,Greenville,Benjamin Perry,W.H. Perry,BFPerry_Letter659.txt
660,9 July 1863,Greenville,Glencoe,Mrs. Elizabeth Perry,B.F. Perry,BFPerry_Letter660.txt
661,11 July 1863,Hagerstown Md.,Greenville,Benjamin Perry,W.H. Perry,BFPerry_Letter661.txt
662,14 July 1863,Greenville,Glencoe,Mrs. Elizabeth Perry,B.F. Perry,BFPerry_Letter662.txt
663,19 July 1863,Martinsburg Va.,Greenville,Benjamin Perry,W.H. Perry,BFPerry_Letter663.txt
664,30 July 1863,Culpepper C.H.,Greenville,Benjamin Perry,W.H. Perry,BFPerry_Letter664.txt
665,July 1863,Greenville,Glencoe,Mrs. Elizabeth Perry,B.F. Perry,BFPerry_Letter665.txt
666,3 August 1863,Greenville,Glencoe,Mrs. Elizabeth Perry,B.F. Perry,BFPerry_Letter666.txt
667,23 September 1863,Columbia,,Mrs. Elizabeth Perry,B.F. Perry,BFPerry_Letter667.txt
668,September 1863,Columbia,Greenville,Mrs. Elizabeth Perry,B.F. Perry,BFPerry_Letter668.txt
669,30 October 1863,Camp Near Culpepper,Greenville,Mrs. Elizabeth Perry,,BFPerry_Letter669.txt
670,3 November 1863,Greenville,Glencoe,Mrs. Elizabeth Perry,B.F. Perry,BFPerry_Letter670.txt
671,27 November 1863,Columbia,Greenville,Mrs. Elizabeth Perry,B.F. Perry,BFPerry_Letter671.txt
672,29 November 1863,Columbia,Greenville,Mrs. Elizabeth Perry,B.F. Perry,BFPerry_Letter672.txt
673,1 December 1863,Columbia,Greenville,Mrs. Elizabeth Perry,B.F. Perry,BFPerry_Letter673.txt
674,2 December 1863,Columbia,Greenville,Mrs. Elizabeth Perry,B.F. Perry,BFPerry_Letter674.txt
675,4 December 1863,Columbia,Greenville,Mrs. Elizabeth Perry,B.F. Perry,BFPerry_Letter675.txt
676,15 June 1864,Cavalry Camp James Island,,Beattie,,BFPerry_Letter676.txt
677,29 June 1864,Camp 2nd S.C. Cavalry Chisolmville",Greenville,Benjamin Perry,W.H. Perry,BFPerry_Letter677.txt
678,19 July 1864,Greenville,Glencoe,Mrs. Elizabeth Perry,B.F. Perry,BFPerry_Letter678.txt
679,29 November 1864,Columbia,Greenville,Mrs. Elizabeth Perry,B.F. Perry,BFPerry_Letter679.txt
680,1 December 1864,Columbia,Greenville,Mrs. Elizabeth Perry,B.F. Perry,BFPerry_Letter680.txt
681,2 December 1864,Columbia,Greenville,Mrs. Elizabeth Perry,B.F. Perry,BFPerry_Letter681.txt
682,4 December 1864,Columbia,Greenville,Mrs. Elizabeth Perry,B.F. Perry,BFPerry_Letter682.txt
683,6 December 1864,Columbia,Greenville,Mrs. Elizabeth Perry,B.F. Perry,BFPerry_Letter683.txt
684,7 December 1864,Columbia,Greenville,Mrs. Elizabeth Perry,B.F. Perry,BFPerry_Letter684.txt
685,8 December 1864,Columbia,Greenville,Mrs. Elizabeth Perry,B.F. Perry,BFPerry_Letter685.txt
686,8 December 1864,Columbia,Greenville,Mrs. Elizabeth Perry,B.F. Perry,BFPerry_Letter686.txt
687,9 December 1864,Columbia,Greenville,Mrs. Elizabeth Perry,B.F. Perry,BFPerry_Letter687.txt
688,13 December 1864,Columbia,Greenville,Mrs. Elizabeth Perry,B.F. Perry,BFPerry_Letter688.txt
689,13 December 1864,Columbia,Greenville,Mrs. Elizabeth Perry,B.F. Perry,BFPerry_Letter689.txt
690,14 December 1864,Columbia,Greenville,Mrs. Elizabeth Perry,B.F. Perry,BFPerry_Letter690.txt
691,15 December 1864,House of Representatives Columbia,Greenville,Mrs. Elizabeth Perry,B.F. Perry,BFPerry_Letter691.txt
692,18 December 1864,Columbia,Greenville,Mrs. Elizabeth Perry,B.F. Perry,BFPerry_Letter692.txt
693,19 December 1864,Columbia,Greenville,Mrs. Elizabeth Perry,B.F. Perry,BFPerry_Letter693.txt
694,1864,Columbia,Greenville,Mrs. Elizabeth Perry,B.F. Perry,BFPerry_Letter694.txt
695,1864,Columbia,Greenville,Mrs. Elizabeth Perry,B.F. Perry,BFPerry_Letter695.txt
696,1864,Columbia,,Mrs. Elizabeth Perry,B.F. Perry,BFPerry_Letter696.txt
697,,,Greenville,Mrs. Elizabeth Perry,B.F. Perry,BFPerry_Letter697.txt
698,December 1864,Columbia,Greenville,Mrs. Elizabeth Perry,B.F. Perry,BFPerry_Letter698.txt
699,18 July 1865,Willards Hotel Washington,Greenville,Mrs. Elizabeth Perry,B.F. Perry,BFPerry_Letter699.txt
700,20 July 1865,Willards Hotel,Greenville,Mrs. Elizabeth Perry,B.F. Perry,BFPerry_Letter700.txt
701,13 September 1865,Columbia,Greenville,Mrs. Elizabeth Perry,B.F. Perry,BFPerry_Letter701.txt
702,16 September 1865,Columbia,Greenville,Mrs. Elizabeth Perry,B.F. Perry,BFPerry_Letter702.txt
703,20 September 1865,Columbia,Greenville,Mrs. Elizabeth Perry,B.F. Perry,BFPerry_Letter703.txt
704,22 September 1865,Columbia,Greenville,Mrs. Elizabeth Perry,B.F. Perry,BFPerry_Letter704.txt
705,24 September 1865,Columbia,Greenville,Mrs. Elizabeth Perry,B.F. Perry,BFPerry_Letter705.txt
706,25 September 1865,Columbia,Greenville,Mrs. Elizabeth Perry,B.F. Perry,BFPerry_Letter706.txt
707,25 October 1865,Columbia,Greenville,Mrs. Elizabeth Perry,B.F. Perry,BFPerry_Letter707.txt
708,27 October 1865,Columbia,Greenville,Mrs. Elizabeth Perry,B.F. Perry,BFPerry_Letter708.txt
709,29 October 1865,Columbia,Greenville,Mrs. Elizabeth Perry,B.F. Perry,BFPerry_Letter709.txt
710,30 October 1865,Columbia,Greenville,Mrs. Elizabeth Perry,B.F. Perry,BFPerry_Letter710.txt
711,31 October 1865,Columbia,Greenville,Mrs. Elizabetrh Perry,B.F. Perry,BFPerry_Letter711.txt
712,1 November 1865,Columbia,Greenville,Mrs. Elizabeth Perry,B.F. Perry,BFPerry_Letter712.txt
713,2 November 1865,Columbia,Greenville,Mrs. Elizabeth Perry,B.F. Perry,BFPerry_Letter713.txt
714,3 November 1865,Columbia,Greenville,Mrs. Elizabeth Perry,B.F. Perry,BFPerry_Letter714.txt
715,6 November 1865,Columbia,Columbia,Mrs. Elizabeth Perry,B.F. Perry,BFPerry_Letter715.txt
716,28 November 1865,Columbia,Greenville,Mrs. Elizabeth Perry,B.F. Perry,BFPerry_Letter716.txt
717,30 November 1865,Columbia,Greenville,Mrs. Elizabeth Perry,B.F. Perry,BFPerry_Letter717.txt
718,2 December 1865,Columbia,Greenville,Mrs. Elizabeth Perry,B.F. Perry,BFPerry_Letter718.txt
719,5 December 1865,Columbia,Greenville,Mrs. Elizabeth Perry,B.F. Perry,BFPerry_Letter719.txt
720,6 December 1865,Columbia,Greenville,Mrs. Elizabeth Perry,B.F. Perry,BFPerry_Letter720.txt
721,8 December 1865,Columbia,Greenville,Mrs. Elizabeth Perry,B.F. Perry,BFPerry_Letter721.txt
722,12 December 1865,Columbia,Greenville,Mrs. Elizabeth Perry,B.F. Perry,BFPerry_Letter722.txt
723,14 December 1865,Columbia,Greenville,Mrs. Elizabeth Perry,B.F. Perry,BFPerry_Letter723.txt
724,16 December 1865,Columnia,Greenville,Mrs. Elizabeth Perry,B.F. Perry,BFPerry_Letter724.txt
725,17 December 1865,Columbia,Greenville,Mrs. Elizabeth Perry,B.F. Perry,BFPerry_Letter725.txt
726,December 1865,Columbia,Greenville,Mrs. Elizabeth Perry,B.F. Perry,BFPerry_Letter726.txt
727,11 February 1866,Willards Hotel Washington,Greenville,Mrs. Elizabeth Perry,B.F. Perry,BFPerry_Letter727.txt
728,16 February 1866,Washington,Greenville,Mrs. Elizabeth Perry,B.F. Perry,BFPerry_Letter728.txt
729,18 February 1866,Washington,Greenville,Mrs. Elizabeth Perry,B.F. Perry,BFPerry_Letter729.txt
730,9 August 1866,Columbia,Greenville,Mrs. Elizabeth Perry,B.F. Perry,BFPerry_Letter730.txt
731,18 August 1866,Philadelphia,Greenville,Mrs. Elizabeth Perry,B.F. Perry,BFPerry_Letter731.txt
732,2 September 1866,Greenville,,Benson J. Lossing Esq.,B.F. Perry,BFPerry_Letter732.txt
733,10 September 1866,Greenville,Columbia,W.H. Perry,B.F. Perry,BFPerry_Letter733.txt
734,28 September 1866,,,,,BFPerry_Letter734.txt
735,10 October 1866,Greenville,,Mrs. Eliza R. Lauren,B.F. Perry,BFPerry_Letter735.txt
736,4 November 1866,Columbia,Greenville,Mrs. Elizabeth Perry,B.F. Perry,BFPerry_Letter736.txt
737,28 November 1866,Columbia,Greenville,Mrs. Elizabeth Perry,B.F. Perry,BFPerry_Letter737.txt
738,29 November 1866,Columbia,Greenville,Mrs. Elizabeth Perry,B.F. Perry,BFPerry_Letter738.txt
739,2 December 1866,Columbia,Greenville,Mrs. Elizabeth Perry,B.F. Perry,BFPerry_Letter739.txt
740,6 March 1867,Greenville,,Col. T. Edwin Ware,B.F. Perry,BFPerry_Letter740.txt
741,5 July 1868,New York,Greenville,Mrs. Elizabeth Perry,B.F. Perry,BFPerry_Letter741.txt
742,7 July 1868,New York,Greenville,Mrs. Elizabeth Perry,B.F. Perry,BFPerry_Letter742.txt
743,10 July 1868,New York,Greenville,Mrs. Elizabeth Perry,B.F. Perry,BFPerry_Letter743.txt
744,24 April 1870,Greenville,Sans Souci,Mrs. Elizabeth Perry,B.F. Perry,BFPerry_Letter744.txt
745,24 August 1870,Greenville,Sans Souci,Mrs. Elizabeth Perry,B.F. Perry,BFPerry_Letter745.txt
746,25 August 1870,Greenville,Sans Souci,Mrs. Elizabeth Perry,B.F. Perry,BFPerry_Letter746.txt
747,26 August 1870,Greenville,Sans Souci,Mrs. Elizabeth Perry,B.F. Perry,BFPerry_Letter747.txt
748,30 August 1870,Greenville,Sans Souci,Mrs. Elizabeth Perry,B.F. Perry,BFPerry_Letter748.txt
749,30 November 1870,Greenville,Sans Souci,Mrs. Elizabeth Perry,B.F. Perry,BFPerry_Letter749.txt
750,8 December 1870,Greenville,Sans Souci,Mrs. Elizabeth Perry,B.F. Perry,BFPerry_Letter750.txt
751,21 December 1870,Greenville,Sans Souci,Mrs. Elizabeth Perry,B.F. Perry,BFPerry_Letter751.txt
752,22 December 1870,Greenville,Sans Souci,Mrs. Elizabeth Perry,B.F. Perry,BFPerry_Letter752.txt
753,2 October 1872,Spartanburg C.H.,Greenville,Mrs. Elizabeth Perry,B.F. Perry,BFPerry_Letter753.txt
754,6 October 1872,Yorkville,Greenville,Mrs. Elizabeth Perry,B.F. Perry,BFPerry_Letter754.txt
755,10 October 1872,Chester C.H.,,Mrs. Elizabeth Perry,B.F. Perry,BFPerry_Letter755.txt
756,13 October 1872,Greenville,,Mrs. Elizabeth Perry,B.F. Perry,BFPerry_Letter756.txt
757,22 October 1872,Greenville,Aiken,Mrs. Elizabeth Perry,B.F. Perry,BFPerry_Letter757.txt
758,23 October 1872,Greenville,Aiken,Mrs. Elizabeth Perry,B.F. Perry,BFPerry_Letter758.txt
759,26 October 1872,Greenville,,Mrs. Elizabeth Perry,B.F. Perry,BFPerry_Letter759.txt
760,23 October 1872,Greenville,Aiken,Hayne Perry,B.F. Perry,BFPerry_Letter760.txt
761,30 October 1872,Greenville,Aiken,Hayne Perry,B.F. Perry,BFPerry_Letter761.txt
762,3 November 1872,Greenville,Aiken,Hayne Perry,B.F. Perry,BFPerry_Letter762.txt
763,8 November 1872,Greenville,Aiken,Hayne Perry,B.F. Perry,BFPerry_Letter763.txt
764,13 November 1872,Greenville,Aiken,Hayne Perry,B.F. Perry,BFPerry_Letter764.txt
765,24 August 1875,Greenville,,Hon. J. Izard Middleton,,BFPerry_Letter765.txt
766,5 September 1876,Greenville,Sans Souci,Mrs. Elizabeth Perry,B.F. Perry,BFPerry_Letter766.txt
767,5 September 1876,Greenville,,Mrs. Elizabeth Perry,B.F. Perry,BFPerry_Letter767.txt
768,19 September 1876,Greenville,,Mrs. Elizabeth Perry,B.F. Perry,BFPerry_Letter768.txt
769,22 September 1876,Greenville,,Mrs. Elizabeth Perry,B.F. Perry,BFPerry_Letter769.txt
770,26 September 1876,Greenville,,Mrs. Elizabeth Perry,B.F. Perry,BFPerry_Letter770.txt
771,28 September 1876,Greenville,Philadelphia,W.H. Perry,B.F. Perry,BFPerry_Letter771.txt
772,3 October 1877,Greenville,,Governor Hampton,B.F. Perry,BFPerry_Letter772.txt
773,27 April 1879,Sans Souci,,Master Perry & Miss Emily,B.F. Perry,BFPerry_Letter773.txt
774,1 March 1881,Greenville,,Mr. Editor,B.F. Perry,BFPerry_Letter774.txt
775,27 April 1881,Sans Souci,,Mrs. Fannie Beattie,B.F. Perry,BFPerry_Letter775.txt
776,13 December 1881,Columbia,Greenville,Benjamin Perry,W. H. Perry,BFPerry_Letter776.txt
777,30 August 1882,Lexington Ky.,Greenville,Benjamin Perry,W.H. Perry,BFPerry_Letter777.txt
